Cases selected: 117
Samples expected: 585

========================================================================
CASE 1/117: u6/ramp0  [test]
========================================================================
  p10: t=335.002s  front=345.0m
      crop x=246.0..437.0  z=0.0..191.5  headroom=191.5m
      cloud read: 52.1s
      saved 0.64 MiB; preprocess 0.14s
  p30: t=400.002s  front=439.0m
      crop x=342.0..533.0  z=0.0..191.5  headroom=191.5m
      cloud read: 71.4s
      saved 0.64 MiB; preprocess 0.14s
  p50: t=450.002s  front=512.0m
      crop x=414.0..605.0  z=0.0..191.5  headroom=191.5m
      cloud read: 67.4s
      saved 0.64 MiB; preprocess 0.14s
  p70: t=550.002s  front=667.0m
      crop x=570.0..761.0  z=0.0..191.5  headroom=191.5m
      cloud read: 53.1s
      saved 0.64 MiB; preprocess 0.14s
  p90: t=600.002s  front=730.0m
      crop x=630.0..821.0  z=0.0..191.5  headroom=191.5m
      cloud read: 92.2s
      saved 0.64 MiB; preprocess 0.14s
  CASE TIME: 5.7 min

========================================================================
CASE 2/117: u6/ramp2.5  [train]
========================================================================
  scouting progression...
    t=260.002s  front=302.0m  peak excess=723.3K  (5.8s)
    t=275.002s  front=312.0m  peak excess=759.2K  (5.6s)
    t=290.002s  front=320.0m  peak excess=749.6K  (5.5s)
    t=305.002s  front=331.0m  peak excess=779.8K  (5.7s)
    t=320.002s  front=347.0m  peak excess=843.6K  (5.6s)
    t=335.002s  front=370.0m  peak excess=853.3K  (5.8s)
    t=350.002s  front=392.0m  peak excess=830.8K  (5.5s)
    t=375.002s  front=449.0m  peak excess=820.5K  (5.5s)
    t=400.002s  front=506.0m  peak excess=833.3K  (5.4s)
  selected stages:
    10%: t=290.002s  front=320.0m
    30%: t=335.002s  front=370.0m
    50%: t=350.002s  front=392.0m
    70%: t=375.002s  front=449.0m
    90%: t=400.002s  front=506.0m
  p10: t=290.002s  front=320.0m
      crop x=222.0..413.0  z=0.0..191.5  headroom=177.8m
      cloud read: 44.5s
      saved 0.64 MiB; preprocess 0.14s
  p30: t=335.002s  front=370.0m
      crop x=270.0..461.0  z=0.0..191.5  headroom=175.7m
      cloud read: 45.7s
      saved 0.64 MiB; preprocess 0.14s
  p50: t=350.002s  front=392.0m
      crop x=294.0..485.0  z=0.0..191.5  headroom=174.7m
      cloud read: 48.0s
      saved 0.64 MiB; preprocess 0.14s
  p70: t=375.002s  front=449.0m
      crop x=348.0..539.0  z=6.0..197.5  headroom=178.3m
      cloud read: 51.4s
      saved 0.64 MiB; preprocess 0.14s
  p90: t=400.002s  front=506.0m
      crop x=408.0..599.0  z=6.0..197.5  headroom=175.7m
      cloud read: 49.4s
      saved 0.64 MiB; preprocess 0.14s
  CASE TIME: 4.9 min

========================================================================
CASE 3/117: u6/ramp5  [train]
========================================================================
  scouting progression...
    t=260.002s  front=302.0m  peak excess=719.0K  (5.7s)
    t=275.002s  front=311.0m  peak excess=751.8K  (5.7s)
    t=290.002s  front=323.0m  peak excess=742.1K  (5.5s)
    t=305.002s  front=334.0m  peak excess=757.1K  (5.5s)
    t=320.002s  front=346.0m  peak excess=819.0K  (5.6s)
    t=335.002s  front=374.0m  peak excess=808.4K  (5.5s)
    t=350.002s  front=408.0m  peak excess=809.6K  (5.4s)
    t=375.002s  front=471.0m  peak excess=792.3K  (5.3s)
    t=400.002s  front=535.0m  peak excess=790.8K  (5.3s)
  selected stages:
    10%: t=290.002s  front=323.0m
    30%: t=335.002s  front=374.0m
    50%: t=350.002s  front=408.0m
    70%: t=375.002s  front=471.0m
    90%: t=400.002s  front=535.0m
  p10: t=290.002s  front=323.0m
      crop x=222.0..413.0  z=6.0..197.5  headroom=170.1m
      cloud read: 49.7s
      saved 0.64 MiB; preprocess 0.14s
  p30: t=335.002s  front=374.0m
      crop x=276.0..467.0  z=12.0..203.5  headroom=171.4m
      cloud read: 51.1s
      saved 0.64 MiB; preprocess 0.14s
  p50: t=350.002s  front=408.0m
      crop x=312.0..503.0  z=12.0..203.5  headroom=168.2m
      cloud read: 48.6s
      saved 0.64 MiB; preprocess 0.14s
  p70: t=375.002s  front=471.0m
      crop x=372.0..563.0  z=18.0..209.5  headroom=169.0m
      cloud read: 46.9s
      saved 0.64 MiB; preprocess 0.14s
  p90: t=400.002s  front=535.0m
      crop x=438.0..629.0  z=24.0..215.5  headroom=169.2m
      cloud read: 53.2s
      saved 0.64 MiB; preprocess 0.14s
  CASE TIME: 5.1 min

========================================================================
CASE 4/117: u6/ramp7.5  [train]
========================================================================
  scouting progression...
    t=260.002s  front=302.0m  peak excess=712.3K  (5.5s)
    t=275.002s  front=314.0m  peak excess=746.3K  (5.4s)
    t=290.002s  front=323.0m  peak excess=736.1K  (5.4s)
    t=305.002s  front=333.0m  peak excess=738.4K  (5.1s)
    t=320.002s  front=352.0m  peak excess=763.9K  (5.7s)
    t=335.002s  front=371.0m  peak excess=767.4K  (5.4s)
    t=350.002s  front=409.0m  peak excess=771.4K  (5.8s)
    t=375.002s  front=481.0m  peak excess=796.0K  (5.7s)
    t=400.002s  front=538.0m  peak excess=777.4K  (5.4s)
  selected stages:
    10%: t=290.002s  front=323.0m
    30%: t=335.002s  front=371.0m
    50%: t=350.002s  front=409.0m
    70%: t=375.002s  front=481.0m
    90%: t=400.002s  front=538.0m
  p10: t=290.002s  front=323.0m
      crop x=222.0..413.0  z=12.0..203.5  headroom=162.3m
      cloud read: 49.1s
      saved 0.64 MiB; preprocess 0.14s
  p30: t=335.002s  front=371.0m
      crop x=270.0..461.0  z=18.0..209.5  headroom=162.0m
      cloud read: 44.9s
      saved 0.64 MiB; preprocess 0.14s
  p50: t=350.002s  front=409.0m
      crop x=312.0..503.0  z=24.0..215.5  headroom=162.4m
      cloud read: 47.4s
      saved 0.64 MiB; preprocess 0.14s
  p70: t=375.002s  front=481.0m
      crop x=384.0..575.0  z=30.0..221.5  headroom=159.0m
      cloud read: 45.9s
      saved 0.64 MiB; preprocess 0.14s
  p90: t=400.002s  front=538.0m
      crop x=438.0..629.0  z=36.0..227.5  headroom=157.9m
      cloud read: 47.2s
      saved 0.64 MiB; preprocess 0.14s
  CASE TIME: 4.8 min

========================================================================
CASE 5/117: u6/ramp10  [val]
========================================================================
  scouting progression...
    t=260.002s  front=302.0m  peak excess=790.6K  (5.3s)
    t=275.002s  front=315.0m  peak excess=770.0K  (5.3s)
    t=290.002s  front=324.0m  peak excess=759.6K  (5.4s)
    t=305.002s  front=335.0m  peak excess=741.3K  (5.6s)
    t=320.002s  front=349.0m  peak excess=757.6K  (5.3s)
    t=335.002s  front=366.0m  peak excess=774.6K  (5.3s)
    t=350.002s  front=417.0m  peak excess=784.0K  (5.4s)
    t=375.002s  front=485.0m  peak excess=784.4K  (5.4s)
    t=400.002s  front=573.0m  peak excess=784.2K  (5.7s)
  selected stages:
    10%: t=290.002s  front=324.0m
    30%: t=335.002s  front=366.0m
    50%: t=350.002s  front=417.0m
    70%: t=375.002s  front=485.0m
    90%: t=400.002s  front=573.0m
  p10: t=290.002s  front=324.0m
      crop x=228.0..419.0  z=18.0..209.5  headroom=153.3m
      cloud read: 46.3s
      saved 0.64 MiB; preprocess 0.14s
  p30: t=335.002s  front=366.0m
      crop x=270.0..461.0  z=24.0..215.5  headroom=151.8m
      cloud read: 48.8s
      saved 0.64 MiB; preprocess 0.13s
  p50: t=350.002s  front=417.0m
      crop x=318.0..509.0  z=30.0..221.5  headroom=149.4m
      cloud read: 47.4s
      saved 0.64 MiB; preprocess 0.14s
  p70: t=375.002s  front=485.0m
      crop x=384.0..575.0  z=42.0..233.5  headroom=149.7m
      cloud read: 44.6s
      saved 0.64 MiB; preprocess 0.14s
  p90: t=400.002s  front=573.0m
      crop x=474.0..665.0  z=60.0..251.5  headroom=151.9m
      cloud read: 43.8s
      saved 0.64 MiB; preprocess 0.14s
  CASE TIME: 4.7 min

========================================================================
CASE 6/117: u6/ramp12.5  [train]
========================================================================
  scouting progression...
    t=260.002s  front=302.0m  peak excess=662.8K  (5.2s)
    t=275.002s  front=315.0m  peak excess=692.6K  (5.4s)
    t=290.002s  front=329.0m  peak excess=687.7K  (5.4s)
    t=305.002s  front=342.0m  peak excess=690.7K  (5.0s)
    t=320.002s  front=351.0m  peak excess=741.7K  (5.3s)
    t=335.002s  front=387.0m  peak excess=750.0K  (5.2s)
    t=350.002s  front=412.0m  peak excess=755.9K  (5.2s)
    t=375.002s  front=493.0m  peak excess=764.6K  (4.9s)
    t=400.002s  front=608.0m  peak excess=779.9K  (5.2s)
  selected stages:
    10%: t=290.002s  front=329.0m
    30%: t=335.002s  front=387.0m
    50%: t=350.002s  front=412.0m
    70%: t=375.002s  front=493.0m
    90%: t=400.002s  front=608.0m
  p10: t=290.002s  front=329.0m
      crop x=228.0..419.0  z=24.0..215.5  headroom=144.8m
      cloud read: 49.5s
      saved 0.64 MiB; preprocess 0.14s
  p30: t=335.002s  front=387.0m
      crop x=288.0..479.0  z=36.0..227.5  headroom=143.5m
      cloud read: 51.2s
      saved 0.64 MiB; preprocess 0.14s
  p50: t=350.002s  front=412.0m
      crop x=312.0..503.0  z=42.0..233.5  headroom=144.2m
      cloud read: 48.9s
      saved 0.64 MiB; preprocess 0.14s
  p70: t=375.002s  front=493.0m
      crop x=396.0..587.0  z=60.0..251.5  headroom=143.5m
      cloud read: 44.5s
      saved 0.64 MiB; preprocess 0.14s
  p90: t=400.002s  front=608.0m
      crop x=510.0..701.0  z=84.0..275.5  headroom=142.3m
      cloud read: 43.7s
      saved 0.64 MiB; preprocess 0.14s
  CASE TIME: 4.8 min

========================================================================
CASE 7/117: u6/ramp15  [train]
========================================================================
  scouting progression...
  ERROR: RuntimeError("Unexpected time units: 'nanoseconds'")
  Continuing to next case.

========================================================================
CASE 8/117: u6/ramp17.5  [test]
========================================================================
  scouting progression...
    t=260.002s  front=302.0m  peak excess=775.4K  (5.3s)
    t=275.002s  front=321.0m  peak excess=749.9K  (5.4s)
    t=290.002s  front=332.0m  peak excess=742.9K  (5.4s)
    t=305.002s  front=348.0m  peak excess=728.7K  (5.3s)
    t=320.002s  front=381.0m  peak excess=751.3K  (5.2s)
    t=335.002s  front=419.0m  peak excess=743.9K  (5.4s)
    t=350.002s  front=465.0m  peak excess=750.7K  (5.3s)
    t=375.002s  front=557.0m  peak excess=758.1K  (5.6s)
    t=400.002s  front=668.0m  peak excess=777.2K  (5.3s)
  selected stages:
    10%: t=290.002s  front=332.0m
    30%: t=335.002s  front=419.0m
    50%: t=350.002s  front=465.0m
    70%: t=375.002s  front=557.0m
    90%: t=400.002s  front=668.0m
  p10: t=290.002s  front=332.0m
      crop x=234.0..425.0  z=36.0..227.5  headroom=125.0m
      cloud read: 48.0s
      saved 0.64 MiB; preprocess 0.14s
  p30: t=335.002s  front=419.0m
      crop x=318.0..509.0  z=66.0..257.5  headroom=128.5m
      cloud read: 48.9s
      saved 0.64 MiB; preprocess 0.14s
  p50: t=350.002s  front=465.0m
      crop x=366.0..557.0  z=78.0..269.5  headroom=125.4m
      cloud read: 47.2s
      saved 0.64 MiB; preprocess 0.14s
  p70: t=375.002s  front=557.0m
      crop x=456.0..647.0  z=108.0..299.5  headroom=127.0m
      cloud read: 47.5s
      saved 0.64 MiB; preprocess 0.14s
  p90: t=400.002s  front=668.0m
      crop x=570.0..761.0  z=144.0..335.5  headroom=127.1m
      cloud read: 44.0s
      saved 0.64 MiB; preprocess 0.14s
  CASE TIME: 4.8 min

========================================================================
CASE 9/117: u6/ramp20  [train]
========================================================================
  scouting progression...
    t=260.002s  front=302.0m  peak excess=763.2K  (5.2s)
    t=275.002s  front=321.0m  peak excess=737.9K  (5.3s)
    t=290.002s  front=336.0m  peak excess=730.2K  (5.2s)
    t=305.002s  front=354.0m  peak excess=733.0K  (5.3s)
    t=320.002s  front=371.0m  peak excess=739.3K  (5.7s)
    t=335.002s  front=443.0m  peak excess=763.6K  (5.5s)
    t=350.002s  front=494.0m  peak excess=759.8K  (5.3s)
    t=375.002s  front=612.0m  peak excess=759.9K  (5.3s)
    t=400.002s  front=788.0m  peak excess=800.0K  (5.2s)
  selected stages:
    10%: t=305.002s  front=354.0m
    30%: t=335.002s  front=443.0m
    50%: t=350.002s  front=494.0m
    70%: t=375.002s  front=612.0m
    90%: t=400.002s  front=788.0m
  p10: t=305.002s  front=354.0m
      crop x=258.0..449.0  z=54.0..245.5  headroom=118.5m
      cloud read: 47.9s
      saved 0.64 MiB; preprocess 0.14s
  p30: t=335.002s  front=443.0m
      crop x=342.0..533.0  z=84.0..275.5  headroom=117.9m
      cloud read: 45.8s
      saved 0.64 MiB; preprocess 0.14s
  p50: t=350.002s  front=494.0m
      crop x=396.0..587.0  z=102.0..293.5  headroom=116.2m
      cloud read: 43.3s
      saved 0.64 MiB; preprocess 0.14s
  p70: t=375.002s  front=612.0m
      crop x=516.0..707.0  z=144.0..335.5  headroom=114.6m
      cloud read: 42.8s
      saved 0.64 MiB; preprocess 0.14s
  p90: t=400.002s  front=788.0m
      crop x=690.0..881.0  z=210.0..401.5  headroom=117.2m
      cloud read: 88.2s
      saved 0.64 MiB; preprocess 0.14s
  CASE TIME: 5.3 min

========================================================================
CASE 10/117: u6/ramp22.5  [train]
========================================================================
  scouting progression...
    t=260.002s  front=302.0m  peak excess=802.0K  (5.3s)
    t=275.002s  front=323.0m  peak excess=764.6K  (5.3s)
    t=290.002s  front=338.0m  peak excess=757.2K  (5.3s)
    t=305.002s  front=355.0m  peak excess=744.0K  (5.2s)
    t=320.002s  front=381.0m  peak excess=744.7K  (5.1s)
    t=335.002s  front=422.0m  peak excess=748.8K  (5.2s)
    t=350.002s  front=486.0m  peak excess=749.5K  (5.0s)
    t=375.002s  front=603.0m  peak excess=790.6K  (5.0s)
    t=400.002s  front=766.0m  peak excess=789.7K  (5.0s)
  selected stages:
    10%: t=305.002s  front=355.0m
    30%: t=335.002s  front=422.0m
    50%: t=350.002s  front=486.0m
    70%: t=375.002s  front=603.0m
    90%: t=400.002s  front=766.0m
  p10: t=305.002s  front=355.0m
      crop x=258.0..449.0  z=60.0..251.5  headroom=106.9m
      cloud read: 45.5s
      saved 0.64 MiB; preprocess 0.14s
  p30: t=335.002s  front=422.0m
      crop x=324.0..515.0  z=90.0..281.5  headroom=109.6m
      cloud read: 50.5s
      saved 0.64 MiB; preprocess 0.14s
  p50: t=350.002s  front=486.0m
      crop x=390.0..581.0  z=114.0..305.5  headroom=106.3m
      cloud read: 46.3s
      saved 0.64 MiB; preprocess 0.14s
  p70: t=375.002s  front=603.0m
      crop x=504.0..695.0  z=162.0..353.5  headroom=107.0m
      cloud read: 47.7s
      saved 0.64 MiB; preprocess 0.14s
  p90: t=400.002s  front=766.0m
      crop x=666.0..857.0  z=228.0..419.5  headroom=105.9m
      cloud read: 88.6s
      saved 0.64 MiB; preprocess 0.14s
  CASE TIME: 5.5 min

========================================================================
CASE 11/117: u6/ramp25  [train]
========================================================================
  scouting progression...
    t=260.002s  front=302.0m  peak excess=775.8K  (5.1s)
    t=275.002s  front=318.0m  peak excess=746.9K  (5.3s)
    t=290.002s  front=342.0m  peak excess=737.8K  (5.2s)
    t=305.002s  front=363.0m  peak excess=725.9K  (5.0s)
    t=320.002s  front=377.0m  peak excess=720.1K  (5.2s)
    t=335.002s  front=437.0m  peak excess=736.6K  (5.2s)
    t=350.002s  front=481.0m  peak excess=738.0K  (5.1s)
    t=375.002s  front=645.0m  peak excess=749.4K  (5.0s)
    t=400.002s  front=778.0m  peak excess=776.1K  (5.3s)
  selected stages:
    10%: t=290.002s  front=342.0m
    30%: t=335.002s  front=437.0m
    50%: t=350.002s  front=481.0m
    70%: t=375.002s  front=645.0m
    90%: t=400.002s  front=778.0m
  p10: t=290.002s  front=342.0m
      crop x=246.0..437.0  z=60.0..251.5  headroom=94.4m
      cloud read: 45.9s
      saved 0.64 MiB; preprocess 0.14s
  p30: t=335.002s  front=437.0m
      crop x=336.0..527.0  z=102.0..293.5  headroom=94.4m
      cloud read: 46.9s
      saved 0.64 MiB; preprocess 0.14s
  p50: t=350.002s  front=481.0m
      crop x=384.0..575.0  z=126.0..317.5  headroom=96.0m
      cloud read: 45.2s
      saved 0.64 MiB; preprocess 0.14s
  p70: t=375.002s  front=645.0m
      crop x=546.0..737.0  z=204.0..395.5  headroom=98.5m
      cloud read: 48.4s
      saved 0.64 MiB; preprocess 0.14s
  p90: t=400.002s  front=778.0m
      crop x=678.0..869.0  z=264.0..455.5  headroom=96.9m
      cloud read: 101.7s
      saved 0.64 MiB; preprocess 0.14s
  CASE TIME: 5.7 min

========================================================================
CASE 12/117: u6/ramp27.5  [val]
========================================================================
  scouting progression...
    t=260.002s  front=302.0m  peak excess=837.9K  (5.8s)
    t=275.002s  front=324.0m  peak excess=788.2K  (5.2s)
    t=290.002s  front=343.0m  peak excess=777.9K  (5.3s)
    t=305.002s  front=361.0m  peak excess=761.5K  (5.2s)
    t=320.002s  front=398.0m  peak excess=745.7K  (5.0s)
    t=335.002s  front=471.0m  peak excess=751.9K  (5.2s)
    t=350.002s  front=544.0m  peak excess=817.0K  (5.6s)
    t=375.002s  front=666.0m  peak excess=852.1K  (5.2s)
    t=400.002s  front=909.0m  peak excess=835.8K  (5.0s)
  selected stages:
    10%: t=305.002s  front=361.0m
    30%: t=335.002s  front=471.0m
    50%: t=350.002s  front=544.0m
    70%: t=375.002s  front=666.0m
    90%: t=400.002s  front=909.0m
  p10: t=305.002s  front=361.0m
      crop x=264.0..455.0  z=78.0..269.5  headroom=84.7m
      cloud read: 47.8s
      saved 0.64 MiB; preprocess 0.14s
  p30: t=335.002s  front=471.0m
      crop x=372.0..563.0  z=138.0..329.5  headroom=88.5m
      cloud read: 50.9s
      saved 0.64 MiB; preprocess 0.14s
  p50: t=350.002s  front=544.0m
      crop x=444.0..635.0  z=174.0..365.5  headroom=87.0m
      cloud read: 47.1s
      saved 0.64 MiB; preprocess 0.14s
  p70: t=375.002s  front=666.0m
      crop x=570.0..761.0  z=240.0..431.5  headroom=87.4m
      cloud read: 44.0s
      saved 0.64 MiB; preprocess 0.14s
  p90: t=400.002s  front=909.0m
      crop x=810.0..1001.0  z=366.0..557.5  headroom=88.5m
      cloud read: 48.5s
      saved 0.64 MiB; preprocess 0.14s
  CASE TIME: 4.8 min

========================================================================
CASE 13/117: u6/ramp30  [train]
========================================================================
  scouting progression...
  ERROR: RuntimeError("Unexpected time units: 'nanoseconds'")
  Continuing to next case.

========================================================================
CASE 14/117: u8/ramp0  [train]
========================================================================
  scouting progression...
    t=260.002s  front=302.0m  peak excess=645.6K  (6.0s)
    t=275.002s  front=311.0m  peak excess=695.9K  (5.9s)
    t=290.002s  front=320.0m  peak excess=691.2K  (5.7s)
    t=305.002s  front=329.0m  peak excess=686.7K  (5.5s)
    t=320.002s  front=340.0m  peak excess=673.1K  (5.6s)
    t=335.002s  front=354.0m  peak excess=683.3K  (5.6s)
    t=350.002s  front=372.0m  peak excess=686.1K  (5.6s)
    t=375.002s  front=417.0m  peak excess=688.9K  (5.5s)
    t=400.002s  front=462.0m  peak excess=677.1K  (5.5s)
  selected stages:
    10%: t=290.002s  front=320.0m
    30%: t=335.002s  front=354.0m
    50%: t=350.002s  front=372.0m
    70%: t=375.002s  front=417.0m
    90%: t=400.002s  front=462.0m
  p10: t=290.002s  front=320.0m
      crop x=222.0..413.0  z=0.0..191.5  headroom=191.5m
      cloud read: 44.4s
      saved 0.64 MiB; preprocess 0.14s
  p30: t=335.002s  front=354.0m
      crop x=258.0..449.0  z=0.0..191.5  headroom=191.5m
      cloud read: 44.6s
      saved 0.64 MiB; preprocess 0.14s
  p50: t=350.002s  front=372.0m
      crop x=276.0..467.0  z=0.0..191.5  headroom=191.5m
      cloud read: 44.7s
      saved 0.64 MiB; preprocess 0.14s
  p70: t=375.002s  front=417.0m
      crop x=318.0..509.0  z=0.0..191.5  headroom=191.5m
      cloud read: 44.8s
      saved 0.64 MiB; preprocess 0.14s
  p90: t=400.002s  front=462.0m
      crop x=366.0..557.0  z=0.0..191.5  headroom=191.5m
      cloud read: 44.9s
      saved 0.64 MiB; preprocess 0.14s
  CASE TIME: 4.6 min

========================================================================
CASE 15/117: u8/ramp2.5  [train]
========================================================================
  scouting progression...
    t=260.002s  front=302.0m  peak excess=746.9K  (7.1s)
    t=275.002s  front=313.0m  peak excess=773.7K  (6.1s)
    t=290.002s  front=323.0m  peak excess=762.8K  (5.6s)
    t=305.002s  front=335.0m  peak excess=784.1K  (6.0s)
    t=320.002s  front=346.0m  peak excess=856.8K  (5.9s)
    t=335.002s  front=380.0m  peak excess=860.4K  (5.6s)
    t=350.002s  front=403.0m  peak excess=852.7K  (5.9s)
    t=375.002s  front=483.0m  peak excess=831.9K  (6.2s)
    t=400.002s  front=542.0m  peak excess=831.5K  (5.9s)
  selected stages:
    10%: t=290.002s  front=323.0m
    30%: t=335.002s  front=380.0m
    50%: t=350.002s  front=403.0m
    70%: t=375.002s  front=483.0m
    90%: t=400.002s  front=542.0m
  p10: t=290.002s  front=323.0m
      crop x=222.0..413.0  z=0.0..191.5  headroom=177.8m
      cloud read: 44.4s
      saved 0.64 MiB; preprocess 0.14s
  p30: t=335.002s  front=380.0m
      crop x=282.0..473.0  z=0.0..191.5  headroom=175.2m
      cloud read: 44.3s
      saved 0.64 MiB; preprocess 0.14s
  p50: t=350.002s  front=403.0m
      crop x=306.0..497.0  z=6.0..197.5  headroom=180.2m
      cloud read: 48.4s
      saved 0.64 MiB; preprocess 0.14s
  p70: t=375.002s  front=483.0m
      crop x=384.0..575.0  z=6.0..197.5  headroom=176.8m
      cloud read: 50.7s
      saved 0.64 MiB; preprocess 0.14s
  p90: t=400.002s  front=542.0m
      crop x=444.0..635.0  z=12.0..203.5  headroom=180.1m
      cloud read: 50.4s
      saved 0.64 MiB; preprocess 0.14s
  CASE TIME: 5.0 min

========================================================================
CASE 16/117: u8/ramp5  [test]
========================================================================
  scouting progression...
    t=260.002s  front=302.0m  peak excess=741.8K  (5.3s)
    t=275.002s  front=317.0m  peak excess=763.8K  (5.7s)
    t=290.002s  front=328.0m  peak excess=760.7K  (5.3s)
    t=305.002s  front=340.0m  peak excess=810.3K  (5.0s)
    t=320.002s  front=351.0m  peak excess=820.0K  (5.0s)
    t=335.002s  front=391.0m  peak excess=820.9K  (5.1s)
    t=350.002s  front=414.0m  peak excess=812.3K  (5.2s)
    t=375.002s  front=494.0m  peak excess=801.4K  (5.2s)
    t=400.002s  front=591.0m  peak excess=806.2K  (5.0s)
  selected stages:
    10%: t=290.002s  front=328.0m
    30%: t=335.002s  front=391.0m
    50%: t=350.002s  front=414.0m
    70%: t=375.002s  front=494.0m
    90%: t=400.002s  front=591.0m
  p10: t=290.002s  front=328.0m
      crop x=228.0..419.0  z=6.0..197.5  headroom=169.6m
      cloud read: 47.5s
      saved 0.64 MiB; preprocess 0.14s
  p30: t=335.002s  front=391.0m
      crop x=294.0..485.0  z=12.0..203.5  headroom=169.8m
      cloud read: 47.5s
      saved 0.64 MiB; preprocess 0.14s
  p50: t=350.002s  front=414.0m
      crop x=318.0..509.0  z=12.0..203.5  headroom=167.7m
      cloud read: 48.0s
      saved 0.64 MiB; preprocess 0.14s
  p70: t=375.002s  front=494.0m
      crop x=396.0..587.0  z=18.0..209.5  headroom=166.9m
      cloud read: 44.5s
      saved 0.64 MiB; preprocess 0.14s
  p90: t=400.002s  front=591.0m
      crop x=492.0..683.0  z=30.0..221.5  headroom=170.5m
      cloud read: 44.8s
      saved 0.64 MiB; preprocess 0.14s
  CASE TIME: 4.7 min

========================================================================
CASE 17/117: u8/ramp7.5  [train]
========================================================================
  scouting progression...
    t=260.002s  front=302.0m  peak excess=731.2K  (5.4s)
    t=275.002s  front=314.0m  peak excess=756.2K  (5.3s)
    t=290.002s  front=330.0m  peak excess=749.4K  (5.3s)
    t=305.002s  front=345.0m  peak excess=766.8K  (5.3s)
    t=320.002s  front=356.0m  peak excess=803.6K  (4.7s)
    t=335.002s  front=390.0m  peak excess=799.6K  (5.6s)
    t=350.002s  front=447.0m  peak excess=797.9K  (4.9s)
    t=375.002s  front=519.0m  peak excess=790.9K  (5.1s)
    t=400.002s  front=614.0m  peak excess=811.9K  (5.0s)
  selected stages:
    10%: t=290.002s  front=330.0m
    30%: t=335.002s  front=390.0m
    50%: t=350.002s  front=447.0m
    70%: t=375.002s  front=519.0m
    90%: t=400.002s  front=614.0m
  p10: t=290.002s  front=330.0m
      crop x=234.0..425.0  z=12.0..203.5  headroom=160.7m
      cloud read: 50.2s
      saved 0.64 MiB; preprocess 0.14s
  p30: t=335.002s  front=390.0m
      crop x=294.0..485.0  z=18.0..209.5  headroom=158.8m
      cloud read: 46.4s
      saved 0.64 MiB; preprocess 0.14s
  p50: t=350.002s  front=447.0m
      crop x=348.0..539.0  z=30.0..221.5  headroom=163.7m
      cloud read: 44.9s
      saved 0.64 MiB; preprocess 0.14s
  p70: t=375.002s  front=519.0m
      crop x=420.0..611.0  z=36.0..227.5  headroom=160.2m
      cloud read: 47.6s
      saved 0.64 MiB; preprocess 0.14s
  p90: t=400.002s  front=614.0m
      crop x=516.0..707.0  z=48.0..239.5  headroom=159.6m
      cloud read: 48.0s
      saved 0.64 MiB; preprocess 0.14s
  CASE TIME: 4.8 min

========================================================================
CASE 18/117: u8/ramp10  [train]
========================================================================
  scouting progression...
    t=260.002s  front=302.0m  peak excess=815.0K  (5.2s)
    t=275.002s  front=318.0m  peak excess=787.2K  (5.2s)
    t=290.002s  front=332.0m  peak excess=776.4K  (5.2s)
    t=305.002s  front=349.0m  peak excess=761.2K  (5.3s)
    t=320.002s  front=366.0m  peak excess=789.2K  (5.1s)
    t=335.002s  front=400.0m  peak excess=797.5K  (5.5s)
    t=350.002s  front=451.0m  peak excess=783.6K  (5.1s)
    t=375.002s  front=556.0m  peak excess=786.1K  (5.7s)
    t=400.002s  front=641.0m  peak excess=784.5K  (5.1s)
  selected stages:
    10%: t=290.002s  front=332.0m
    30%: t=335.002s  front=400.0m
    50%: t=350.002s  front=451.0m
    70%: t=375.002s  front=556.0m
    90%: t=400.002s  front=641.0m
  p10: t=290.002s  front=332.0m
      crop x=234.0..425.0  z=18.0..209.5  headroom=152.2m
      cloud read: 45.4s
      saved 0.64 MiB; preprocess 0.14s
  p30: t=335.002s  front=400.0m
      crop x=300.0..491.0  z=30.0..221.5  headroom=152.6m
      cloud read: 46.0s
      saved 0.64 MiB; preprocess 0.14s
  p50: t=350.002s  front=451.0m
      crop x=354.0..545.0  z=42.0..233.5  headroom=155.0m
      cloud read: 45.4s
      saved 0.64 MiB; preprocess 0.14s
  p70: t=375.002s  front=556.0m
      crop x=456.0..647.0  z=60.0..251.5  headroom=155.0m
      cloud read: 46.2s
      saved 0.64 MiB; preprocess 0.14s
  p90: t=400.002s  front=641.0m
      crop x=540.0..731.0  z=72.0..263.5  headroom=152.2m
      cloud read: 44.3s
      saved 0.64 MiB; preprocess 0.14s
  CASE TIME: 4.6 min

========================================================================
CASE 19/117: u8/ramp12.5  [train]
========================================================================
  scouting progression...
    t=260.002s  front=302.0m  peak excess=678.2K  (5.1s)
    t=275.002s  front=320.0m  peak excess=700.2K  (5.8s)
    t=290.002s  front=333.0m  peak excess=701.6K  (5.3s)
    t=305.002s  front=351.0m  peak excess=755.1K  (5.0s)
    t=320.002s  front=369.0m  peak excess=771.8K  (5.3s)
    t=335.002s  front=405.0m  peak excess=773.2K  (5.2s)
    t=350.002s  front=466.0m  peak excess=780.1K  (5.0s)
    t=375.002s  front=572.0m  peak excess=768.0K  (5.1s)
    t=400.002s  front=696.0m  peak excess=802.3K  (4.8s)
  selected stages:
    10%: t=290.002s  front=333.0m
    30%: t=335.002s  front=405.0m
    50%: t=350.002s  front=466.0m
    70%: t=375.002s  front=572.0m
    90%: t=400.002s  front=696.0m
  p10: t=290.002s  front=333.0m
      crop x=234.0..425.0  z=24.0..215.5  headroom=143.4m
      cloud read: 49.4s
      saved 0.64 MiB; preprocess 0.14s
  p30: t=335.002s  front=405.0m
      crop x=306.0..497.0  z=42.0..233.5  headroom=145.5m
      cloud read: 45.5s
      saved 0.64 MiB; preprocess 0.14s
  p50: t=350.002s  front=466.0m
      crop x=366.0..557.0  z=54.0..245.5  headroom=144.2m
      cloud read: 47.8s
      saved 0.64 MiB; preprocess 0.14s
  p70: t=375.002s  front=572.0m
      crop x=474.0..665.0  z=78.0..269.5  headroom=144.2m
      cloud read: 46.9s
      saved 0.64 MiB; preprocess 0.14s
  p90: t=400.002s  front=696.0m
      crop x=600.0..791.0  z=108.0..299.5  headroom=146.3m
      cloud read: 96.4s
      saved 0.64 MiB; preprocess 0.14s
  CASE TIME: 5.6 min

========================================================================
CASE 20/117: u8/ramp15  [val]
========================================================================
  scouting progression...
    t=260.002s  front=302.0m  peak excess=834.8K  (5.1s)
    t=275.002s  front=322.0m  peak excess=798.1K  (5.0s)
    t=290.002s  front=342.0m  peak excess=789.6K  (5.0s)
    t=305.002s  front=357.0m  peak excess=763.7K  (4.8s)
    t=320.002s  front=385.0m  peak excess=776.3K  (5.0s)
    t=335.002s  front=426.0m  peak excess=781.2K  (6.8s)
    t=350.002s  front=482.0m  peak excess=803.8K  (5.3s)
    t=375.002s  front=579.0m  peak excess=798.3K  (5.1s)
    t=400.002s  front=704.0m  peak excess=816.4K  (4.8s)
  selected stages:
    10%: t=290.002s  front=342.0m
    30%: t=335.002s  front=426.0m
    50%: t=350.002s  front=482.0m
    70%: t=375.002s  front=579.0m
    90%: t=400.002s  front=704.0m
  p10: t=290.002s  front=342.0m
      crop x=246.0..437.0  z=36.0..227.5  headroom=137.2m
      cloud read: 48.6s
      saved 0.64 MiB; preprocess 0.14s
  p30: t=335.002s  front=426.0m
      crop x=330.0..521.0  z=54.0..245.5  headroom=132.7m
      cloud read: 48.1s
      saved 0.64 MiB; preprocess 0.14s
  p50: t=350.002s  front=482.0m
      crop x=384.0..575.0  z=72.0..263.5  headroom=136.2m
      cloud read: 47.5s
      saved 0.64 MiB; preprocess 0.14s
  p70: t=375.002s  front=579.0m
      crop x=480.0..671.0  z=96.0..287.5  headroom=134.5m
      cloud read: 49.0s
      saved 0.64 MiB; preprocess 0.14s
  p90: t=400.002s  front=704.0m
      crop x=606.0..797.0  z=132.0..323.5  headroom=136.7m
      cloud read: 240.8s
      saved 0.64 MiB; preprocess 0.14s
  CASE TIME: 8.1 min

========================================================================
CASE 21/117: u8/ramp17.5  [train]
========================================================================
  scouting progression...
    t=260.002s  front=302.0m  peak excess=786.8K  (5.1s)
    t=275.002s  front=324.0m  peak excess=760.4K  (5.3s)
    t=290.002s  front=343.0m  peak excess=756.0K  (5.0s)
    t=305.002s  front=362.0m  peak excess=737.2K  (5.0s)
    t=320.002s  front=381.0m  peak excess=768.3K  (5.0s)
    t=335.002s  front=446.0m  peak excess=778.3K  (5.2s)
    t=350.002s  front=492.0m  peak excess=775.3K  (4.8s)
    t=375.002s  front=622.0m  peak excess=791.1K  (5.1s)
    t=400.002s  front=798.0m  peak excess=811.7K  (4.8s)
  selected stages:
    10%: t=290.002s  front=343.0m
    30%: t=335.002s  front=446.0m
    50%: t=350.002s  front=492.0m
    70%: t=375.002s  front=622.0m
    90%: t=400.002s  front=798.0m
  p10: t=290.002s  front=343.0m
      crop x=246.0..437.0  z=42.0..233.5  headroom=127.2m
      cloud read: 145.0s
      saved 0.64 MiB; preprocess 0.14s
  p30: t=335.002s  front=446.0m
      crop x=348.0..539.0  z=72.0..263.5  headroom=125.1m
      cloud read: 139.1s
      saved 0.64 MiB; preprocess 0.14s
  p50: t=350.002s  front=492.0m
      crop x=396.0..587.0  z=90.0..281.5  headroom=127.9m
      cloud read: 153.1s
      saved 0.64 MiB; preprocess 0.14s
  p70: t=375.002s  front=622.0m
      crop x=522.0..713.0  z=126.0..317.5  headroom=124.2m
      cloud read: 140.9s
      saved 0.64 MiB; preprocess 0.14s
  p90: t=400.002s  front=798.0m
      crop x=702.0..893.0  z=186.0..377.5  headroom=127.5m
      cloud read: 299.9s
      saved 0.64 MiB; preprocess 0.14s
  CASE TIME: 15.5 min

========================================================================
CASE 22/117: u8/ramp20  [train]
========================================================================
  scouting progression...
    t=260.002s  front=302.0m  peak excess=775.4K  (5.1s)
    t=275.002s  front=329.0m  peak excess=751.0K  (5.3s)
    t=290.002s  front=347.0m  peak excess=743.3K  (4.9s)
    t=305.002s  front=365.0m  peak excess=756.2K  (5.1s)
    t=320.002s  front=410.0m  peak excess=765.8K  (5.0s)
    t=335.002s  front=465.0m  peak excess=779.8K  (5.0s)
    t=350.002s  front=516.0m  peak excess=774.8K  (5.1s)
    t=375.002s  front=645.0m  peak excess=785.7K  (5.1s)
    t=400.002s  front=787.0m  peak excess=807.5K  (5.0s)
  selected stages:
    10%: t=290.002s  front=347.0m
    30%: t=335.002s  front=465.0m
    50%: t=350.002s  front=516.0m
    70%: t=375.002s  front=645.0m
    90%: t=400.002s  front=787.0m
  p10: t=290.002s  front=347.0m
      crop x=246.0..437.0  z=48.0..239.5  headroom=116.8m
      cloud read: 157.8s
      saved 0.64 MiB; preprocess 0.14s
  p30: t=335.002s  front=465.0m
      crop x=366.0..557.0  z=90.0..281.5  headroom=115.2m
      cloud read: 153.0s
      saved 0.64 MiB; preprocess 0.14s
  p50: t=350.002s  front=516.0m
      crop x=420.0..611.0  z=108.0..299.5  headroom=113.5m
      cloud read: 153.1s
      saved 0.64 MiB; preprocess 0.14s
  p70: t=375.002s  front=645.0m
      crop x=546.0..737.0  z=156.0..347.5  headroom=115.7m
      cloud read: 141.0s
      saved 0.64 MiB; preprocess 0.14s
  p90: t=400.002s  front=787.0m
      crop x=690.0..881.0  z=210.0..401.5  headroom=117.2m
      cloud read: 292.7s
      saved 0.64 MiB; preprocess 0.14s
  CASE TIME: 15.8 min

========================================================================
CASE 23/117: u8/ramp22.5  [test]
========================================================================
  scouting progression...
    t=260.002s  front=302.0m  peak excess=885.3K  (5.1s)
    t=275.002s  front=333.0m  peak excess=826.0K  (5.1s)
    t=290.002s  front=359.0m  peak excess=818.7K  (4.9s)
    t=305.002s  front=385.0m  peak excess=779.1K  (5.0s)
    t=320.002s  front=423.0m  peak excess=772.7K  (5.1s)
    t=335.002s  front=495.0m  peak excess=787.3K  (4.8s)
    t=350.002s  front=568.0m  peak excess=798.8K  (5.0s)
    t=375.002s  front=763.0m  peak excess=780.8K  (4.7s)
    t=400.002s  front=836.0m  peak excess=850.5K  (5.1s)
  selected stages:
    10%: t=290.002s  front=359.0m
    30%: t=335.002s  front=495.0m
    50%: t=350.002s  front=568.0m
    70%: t=375.002s  front=763.0m
    90%: t=400.002s  front=836.0m
  p10: t=290.002s  front=359.0m
      crop x=258.0..449.0  z=60.0..251.5  headroom=106.9m
      cloud read: 50.8s
      saved 0.64 MiB; preprocess 0.14s
  p30: t=335.002s  front=495.0m
      crop x=396.0..587.0  z=120.0..311.5  headroom=109.8m
      cloud read: 49.4s
      saved 0.64 MiB; preprocess 0.14s
  p50: t=350.002s  front=568.0m
      crop x=468.0..659.0  z=144.0..335.5  headroom=104.0m
      cloud read: 44.5s
      saved 0.64 MiB; preprocess 0.14s
  p70: t=375.002s  front=763.0m
      crop x=666.0..857.0  z=228.0..419.5  headroom=105.9m
      cloud read: 92.6s
      saved 0.64 MiB; preprocess 0.14s
  p90: t=400.002s  front=836.0m
      crop x=738.0..929.0  z=258.0..449.5  headroom=106.1m
      cloud read: 98.6s
      saved 0.64 MiB; preprocess 0.14s
  CASE TIME: 6.4 min

========================================================================
CASE 24/117: u8/ramp25  [train]
========================================================================
  scouting progression...
    t=260.002s  front=302.0m  peak excess=802.6K  (5.2s)
    t=275.002s  front=333.0m  peak excess=767.7K  (5.6s)
    t=290.002s  front=348.0m  peak excess=757.7K  (5.3s)
    t=305.002s  front=377.0m  peak excess=740.5K  (5.0s)
    t=320.002s  front=422.0m  peak excess=741.5K  (5.1s)
    t=335.002s  front=467.0m  peak excess=762.5K  (5.0s)
    t=350.002s  front=570.0m  peak excess=753.8K  (5.1s)
    t=375.002s  front=600.0m  peak excess=756.0K  (4.9s)
    t=400.002s  front=763.0m  peak excess=787.4K  (5.0s)
  selected stages:
    10%: t=290.002s  front=348.0m
    30%: t=320.002s  front=422.0m
    50%: t=350.002s  front=570.0m
    70%: t=375.002s  front=600.0m
    90%: t=400.002s  front=763.0m
  p10: t=290.002s  front=348.0m
      crop x=252.0..443.0  z=66.0..257.5  headroom=97.6m
      cloud read: 50.1s
      saved 0.64 MiB; preprocess 0.14s
  p30: t=320.002s  front=422.0m
      crop x=324.0..515.0  z=96.0..287.5  headroom=94.0m
      cloud read: 49.2s
      saved 0.64 MiB; preprocess 0.14s
  p50: t=350.002s  front=570.0m
      crop x=474.0..665.0  z=168.0..359.5  headroom=96.0m
      cloud read: 44.0s
      saved 0.64 MiB; preprocess 0.14s
  p70: t=375.002s  front=600.0m
      crop x=504.0..695.0  z=180.0..371.5  headroom=94.0m
      cloud read: 49.1s
      saved 0.64 MiB; preprocess 0.14s
  p90: t=400.002s  front=763.0m
      crop x=666.0..857.0  z=258.0..449.5  headroom=96.5m
      cloud read: 101.3s
      saved 0.64 MiB; preprocess 0.14s
  CASE TIME: 5.7 min

========================================================================
CASE 25/117: u8/ramp27.5  [train]
========================================================================
  scouting progression...
    t=260.002s  front=302.0m  peak excess=830.0K  (4.8s)
    t=275.002s  front=329.0m  peak excess=790.0K  (4.9s)
    t=290.002s  front=346.0m  peak excess=781.9K  (4.9s)
    t=305.002s  front=364.0m  peak excess=756.8K  (5.1s)
    t=320.002s  front=399.0m  peak excess=755.0K  (4.9s)
    t=335.002s  front=457.0m  peak excess=762.9K  (4.7s)
    t=350.002s  front=524.0m  peak excess=769.6K  (4.8s)
    t=375.002s  front=632.0m  peak excess=760.9K  (4.7s)
    t=400.002s  front=801.0m  peak excess=791.9K  (4.8s)
  selected stages:
    10%: t=290.002s  front=346.0m
    30%: t=335.002s  front=457.0m
    50%: t=350.002s  front=524.0m
    70%: t=375.002s  front=632.0m
    90%: t=400.002s  front=801.0m
  p10: t=290.002s  front=346.0m
      crop x=246.0..437.0  z=72.0..263.5  headroom=88.1m
      cloud read: 47.9s
      saved 0.64 MiB; preprocess 0.14s
  p30: t=335.002s  front=457.0m
      crop x=360.0..551.0  z=132.0..323.5  headroom=88.7m
      cloud read: 49.7s
      saved 0.64 MiB; preprocess 0.14s
  p50: t=350.002s  front=524.0m
      crop x=426.0..617.0  z=162.0..353.5  headroom=84.4m
      cloud read: 46.8s
      saved 0.64 MiB; preprocess 0.14s
  p70: t=375.002s  front=632.0m
      crop x=534.0..725.0  z=222.0..413.5  headroom=88.1m
      cloud read: 46.9s
      saved 0.64 MiB; preprocess 0.14s
  p90: t=400.002s  front=801.0m
      crop x=702.0..893.0  z=306.0..497.5  headroom=84.7m
      cloud read: 94.1s
      saved 0.64 MiB; preprocess 0.14s
  CASE TIME: 5.6 min

========================================================================
CASE 26/117: u8/ramp30  [train]
========================================================================
  scouting progression...
    t=260.002s  front=302.0m  peak excess=850.0K  (4.9s)
    t=275.002s  front=333.0m  peak excess=794.9K  (5.2s)
    t=290.002s  front=359.0m  peak excess=791.5K  (4.9s)
    t=305.002s  front=384.0m  peak excess=763.0K  (5.1s)
    t=320.002s  front=417.0m  peak excess=767.0K  (5.1s)
    t=335.002s  front=488.0m  peak excess=789.2K  (4.9s)
    t=350.002s  front=585.0m  peak excess=793.4K  (5.0s)
    t=375.002s  front=740.0m  peak excess=808.7K  (5.1s)
    t=400.002s  front=992.0m  peak excess=847.9K  (5.0s)
  selected stages:
    10%: t=290.002s  front=359.0m
    30%: t=335.002s  front=488.0m
    50%: t=350.002s  front=585.0m
    70%: t=375.002s  front=740.0m
    90%: t=400.002s  front=992.0m
  p10: t=290.002s  front=359.0m
      crop x=258.0..449.0  z=84.0..275.5  headroom=74.0m
      cloud read: 45.3s
      saved 0.64 MiB; preprocess 0.15s
  p30: t=335.002s  front=488.0m
      crop x=390.0..581.0  z=162.0..353.5  headroom=75.8m
      cloud read: 45.9s
      saved 0.64 MiB; preprocess 0.14s
  p50: t=350.002s  front=585.0m
      crop x=486.0..677.0  z=216.0..407.5  headroom=74.4m
      cloud read: 45.2s
      saved 0.64 MiB; preprocess 0.14s
  p70: t=375.002s  front=740.0m
      crop x=642.0..833.0  z=306.0..497.5  headroom=74.3m
      cloud read: 97.2s
      saved 0.64 MiB; preprocess 0.14s
  p90: t=400.002s  front=992.0m
      crop x=894.0..1085.0  z=450.0..641.5  headroom=72.8m
      cloud read: 47.8s
      saved 0.64 MiB; preprocess 0.14s
  CASE TIME: 5.5 min

========================================================================
CASE 27/117: u10/ramp0  [train]
========================================================================
  scouting progression...
    t=260.002s  front=302.0m  peak excess=689.2K  (5.0s)
    t=275.002s  front=313.0m  peak excess=710.9K  (5.0s)
    t=290.002s  front=322.0m  peak excess=708.3K  (4.9s)
    t=305.002s  front=333.0m  peak excess=701.0K  (5.1s)
    t=320.002s  front=347.0m  peak excess=674.1K  (4.9s)
    t=335.002s  front=364.0m  peak excess=692.9K  (5.0s)
    t=350.002s  front=389.0m  peak excess=692.5K  (5.1s)
    t=375.002s  front=443.0m  peak excess=692.0K  (5.0s)
    t=400.002s  front=480.0m  peak excess=692.7K  (5.0s)
  selected stages:
    10%: t=290.002s  front=322.0m
    30%: t=320.002s  front=347.0m
    50%: t=350.002s  front=389.0m
    70%: t=375.002s  front=443.0m
    90%: t=400.002s  front=480.0m
  p10: t=290.002s  front=322.0m
      crop x=222.0..413.0  z=0.0..191.5  headroom=191.5m
      cloud read: 44.3s
      saved 0.64 MiB; preprocess 0.14s
  p30: t=320.002s  front=347.0m
      crop x=246.0..437.0  z=0.0..191.5  headroom=191.5m
      cloud read: 47.7s
      saved 0.64 MiB; preprocess 0.13s
  p50: t=350.002s  front=389.0m
      crop x=288.0..479.0  z=0.0..191.5  headroom=191.5m
      cloud read: 46.9s
      saved 0.64 MiB; preprocess 0.14s
  p70: t=375.002s  front=443.0m
      crop x=342.0..533.0  z=0.0..191.5  headroom=191.5m
      cloud read: 47.2s
      saved 0.64 MiB; preprocess 0.14s
  p90: t=400.002s  front=480.0m
      crop x=384.0..575.0  z=0.0..191.5  headroom=191.5m
      cloud read: 45.1s
      saved 0.64 MiB; preprocess 0.13s
  CASE TIME: 4.7 min

========================================================================
CASE 28/117: u10/ramp2.5  [val]
========================================================================
  scouting progression...
    t=260.002s  front=302.0m  peak excess=791.9K  (4.8s)
    t=275.002s  front=316.0m  peak excess=789.7K  (4.9s)
    t=290.002s  front=323.0m  peak excess=787.9K  (4.9s)
    t=305.002s  front=346.0m  peak excess=860.3K  (4.9s)
    t=320.002s  front=357.0m  peak excess=855.1K  (5.0s)
    t=335.002s  front=403.0m  peak excess=883.1K  (5.2s)
    t=350.002s  front=449.0m  peak excess=868.6K  (4.8s)
    t=375.002s  front=506.0m  peak excess=848.0K  (5.1s)
    t=400.002s  front=586.0m  peak excess=824.0K  (4.9s)
  selected stages:
    10%: t=290.002s  front=323.0m
    30%: t=335.002s  front=403.0m
    50%: t=350.002s  front=449.0m
    70%: t=375.002s  front=506.0m
    90%: t=400.002s  front=586.0m
  p10: t=290.002s  front=323.0m
      crop x=222.0..413.0  z=0.0..191.5  headroom=177.8m
      cloud read: 45.0s
      saved 0.64 MiB; preprocess 0.14s
  p30: t=335.002s  front=403.0m
      crop x=306.0..497.0  z=6.0..197.5  headroom=180.2m
      cloud read: 48.9s
      saved 0.64 MiB; preprocess 0.14s
  p50: t=350.002s  front=449.0m
      crop x=348.0..539.0  z=6.0..197.5  headroom=178.3m
      cloud read: 49.2s
      saved 0.64 MiB; preprocess 0.14s
  p70: t=375.002s  front=506.0m
      crop x=408.0..599.0  z=6.0..197.5  headroom=175.7m
      cloud read: 48.9s
      saved 0.64 MiB; preprocess 0.13s
  p90: t=400.002s  front=586.0m
      crop x=486.0..677.0  z=12.0..203.5  headroom=178.3m
      cloud read: 49.1s
      saved 0.64 MiB; preprocess 0.13s
  CASE TIME: 4.8 min

========================================================================
CASE 29/117: u10/ramp5  [train]
========================================================================
  scouting progression...
    t=260.002s  front=302.0m  peak excess=787.4K  (4.8s)
    t=275.002s  front=318.0m  peak excess=782.9K  (5.0s)
    t=290.002s  front=328.0m  peak excess=773.8K  (5.0s)
    t=305.002s  front=347.0m  peak excess=844.7K  (4.9s)
    t=320.002s  front=368.0m  peak excess=833.0K  (5.0s)
    t=335.002s  front=408.0m  peak excess=848.5K  (4.9s)
    t=350.002s  front=454.0m  peak excess=832.6K  (4.9s)
    t=375.002s  front=528.0m  peak excess=800.0K  (5.0s)
    t=400.002s  front=631.0m  peak excess=807.2K  (4.8s)
  selected stages:
    10%: t=290.002s  front=328.0m
    30%: t=335.002s  front=408.0m
    50%: t=350.002s  front=454.0m
    70%: t=375.002s  front=528.0m
    90%: t=400.002s  front=631.0m
  p10: t=290.002s  front=328.0m
      crop x=228.0..419.0  z=6.0..197.5  headroom=169.6m
      cloud read: 50.1s
      saved 0.64 MiB; preprocess 0.13s
  p30: t=335.002s  front=408.0m
      crop x=312.0..503.0  z=12.0..203.5  headroom=168.2m
      cloud read: 49.3s
      saved 0.64 MiB; preprocess 0.14s
  p50: t=350.002s  front=454.0m
      crop x=354.0..545.0  z=18.0..209.5  headroom=170.6m
      cloud read: 46.3s
      saved 0.64 MiB; preprocess 0.13s
  p70: t=375.002s  front=528.0m
      crop x=432.0..623.0  z=24.0..215.5  headroom=169.7m
      cloud read: 48.6s
      saved 0.64 MiB; preprocess 0.14s
  p90: t=400.002s  front=631.0m
      crop x=534.0..725.0  z=30.0..221.5  headroom=166.8m
      cloud read: 47.9s
      saved 0.64 MiB; preprocess 0.14s
  CASE TIME: 4.8 min

========================================================================
CASE 30/117: u10/ramp7.5  [train]
========================================================================
  scouting progression...
    t=260.002s  front=302.0m  peak excess=761.7K  (4.9s)
    t=275.002s  front=318.0m  peak excess=772.3K  (5.0s)
    t=290.002s  front=333.0m  peak excess=761.0K  (4.8s)
    t=305.002s  front=352.0m  peak excess=807.6K  (5.0s)
    t=320.002s  front=371.0m  peak excess=803.3K  (5.0s)
    t=335.002s  front=409.0m  peak excess=819.5K  (4.8s)
    t=350.002s  front=466.0m  peak excess=799.9K  (4.8s)
    t=375.002s  front=557.0m  peak excess=809.5K  (4.8s)
    t=400.002s  front=652.0m  peak excess=788.1K  (4.9s)
  selected stages:
    10%: t=290.002s  front=333.0m
    30%: t=335.002s  front=409.0m
    50%: t=350.002s  front=466.0m
    70%: t=375.002s  front=557.0m
    90%: t=400.002s  front=652.0m
  p10: t=290.002s  front=333.0m
      crop x=234.0..425.0  z=12.0..203.5  headroom=160.7m
      cloud read: 48.8s
      saved 0.64 MiB; preprocess 0.14s
  p30: t=335.002s  front=409.0m
      crop x=312.0..503.0  z=24.0..215.5  headroom=162.4m
      cloud read: 48.0s
      saved 0.64 MiB; preprocess 0.13s
  p50: t=350.002s  front=466.0m
      crop x=366.0..557.0  z=30.0..221.5  headroom=161.3m
      cloud read: 45.0s
      saved 0.64 MiB; preprocess 0.14s
  p70: t=375.002s  front=557.0m
      crop x=456.0..647.0  z=42.0..233.5  headroom=161.5m
      cloud read: 44.6s
      saved 0.64 MiB; preprocess 0.13s
  p90: t=400.002s  front=652.0m
      crop x=552.0..743.0  z=54.0..245.5  headroom=160.8m
      cloud read: 49.6s
      saved 0.64 MiB; preprocess 0.14s
  CASE TIME: 4.7 min

========================================================================
CASE 31/117: u10/ramp10  [test]
========================================================================
  scouting progression...
    t=260.002s  front=302.0m  peak excess=852.4K  (5.0s)
    t=275.002s  front=318.0m  peak excess=812.1K  (5.3s)
    t=290.002s  front=335.0m  peak excess=789.5K  (4.9s)
    t=305.002s  front=352.0m  peak excess=795.6K  (4.9s)
    t=320.002s  front=383.0m  peak excess=812.6K  (4.9s)
    t=335.002s  front=434.0m  peak excess=822.4K  (5.0s)
    t=350.002s  front=485.0m  peak excess=808.0K  (4.9s)
    t=375.002s  front=590.0m  peak excess=807.5K  (4.8s)
    t=400.002s  front=729.0m  peak excess=793.1K  (4.9s)
  selected stages:
    10%: t=305.002s  front=352.0m
    30%: t=335.002s  front=434.0m
    50%: t=350.002s  front=485.0m
    70%: t=375.002s  front=590.0m
    90%: t=400.002s  front=729.0m
  p10: t=305.002s  front=352.0m
      crop x=252.0..443.0  z=24.0..215.5  headroom=155.0m
      cloud read: 48.2s
      saved 0.64 MiB; preprocess 0.13s
  p30: t=335.002s  front=434.0m
      crop x=336.0..527.0  z=36.0..227.5  headroom=152.2m
      cloud read: 48.7s
      saved 0.64 MiB; preprocess 0.14s
  p50: t=350.002s  front=485.0m
      crop x=384.0..575.0  z=42.0..233.5  headroom=149.7m
      cloud read: 44.7s
      saved 0.64 MiB; preprocess 0.13s
  p70: t=375.002s  front=590.0m
      crop x=492.0..683.0  z=66.0..257.5  headroom=154.7m
      cloud read: 49.2s
      saved 0.64 MiB; preprocess 0.13s
  p90: t=400.002s  front=729.0m
      crop x=630.0..821.0  z=90.0..281.5  headroom=154.4m
      cloud read: 99.1s
      saved 0.64 MiB; preprocess 0.13s
  CASE TIME: 5.7 min

========================================================================
CASE 32/117: u10/ramp12.5  [train]
========================================================================
  scouting progression...
    t=260.002s  front=302.0m  peak excess=703.9K  (5.0s)
    t=275.002s  front=324.0m  peak excess=713.2K  (5.0s)
    t=290.002s  front=342.0m  peak excess=741.3K  (4.9s)
    t=305.002s  front=360.0m  peak excess=785.1K  (4.9s)
    t=320.002s  front=387.0m  peak excess=786.7K  (4.8s)
    t=335.002s  front=439.0m  peak excess=816.7K  (4.9s)
    t=350.002s  front=493.0m  peak excess=788.4K  (4.8s)
    t=375.002s  front=581.0m  peak excess=800.2K  (4.8s)
    t=400.002s  front=757.0m  peak excess=792.6K  (5.0s)
  selected stages:
    10%: t=290.002s  front=342.0m
    30%: t=335.002s  front=439.0m
    50%: t=350.002s  front=493.0m
    70%: t=375.002s  front=581.0m
    90%: t=400.002s  front=757.0m
  p10: t=290.002s  front=342.0m
      crop x=246.0..437.0  z=24.0..215.5  headroom=140.8m
      cloud read: 49.9s
      saved 0.64 MiB; preprocess 0.13s
  p30: t=335.002s  front=439.0m
      crop x=342.0..533.0  z=48.0..239.5  headroom=143.5m
      cloud read: 47.6s
      saved 0.64 MiB; preprocess 0.13s
  p50: t=350.002s  front=493.0m
      crop x=396.0..587.0  z=60.0..251.5  headroom=143.5m
      cloud read: 44.2s
      saved 0.64 MiB; preprocess 0.14s
  p70: t=375.002s  front=581.0m
      crop x=480.0..671.0  z=78.0..269.5  headroom=142.9m
      cloud read: 46.8s
      saved 0.64 MiB; preprocess 0.14s
  p90: t=400.002s  front=757.0m
      crop x=660.0..851.0  z=120.0..311.5  headroom=145.0m
      cloud read: 95.0s
      saved 0.64 MiB; preprocess 0.13s
  CASE TIME: 5.5 min

========================================================================
CASE 33/117: u10/ramp15  [train]
========================================================================
  scouting progression...
    t=260.002s  front=302.0m  peak excess=879.4K  (5.0s)
    t=275.002s  front=329.0m  peak excess=829.9K  (5.1s)
    t=290.002s  front=342.0m  peak excess=804.5K  (5.1s)
    t=305.002s  front=370.0m  peak excess=798.4K  (4.9s)
    t=320.002s  front=398.0m  peak excess=814.9K  (5.0s)
    t=335.002s  front=469.0m  peak excess=825.5K  (4.9s)
    t=350.002s  front=538.0m  peak excess=813.6K  (4.8s)
    t=375.002s  front=650.0m  peak excess=801.3K  (5.0s)
    t=400.002s  front=816.0m  peak excess=819.5K  (4.9s)
  selected stages:
    10%: t=290.002s  front=342.0m
    30%: t=335.002s  front=469.0m
    50%: t=350.002s  front=538.0m
    70%: t=375.002s  front=650.0m
    90%: t=400.002s  front=816.0m
  p10: t=290.002s  front=342.0m
      crop x=246.0..437.0  z=36.0..227.5  headroom=137.2m
      cloud read: 48.8s
      saved 0.64 MiB; preprocess 0.14s
  p30: t=335.002s  front=469.0m
      crop x=372.0..563.0  z=66.0..257.5  headroom=133.4m
      cloud read: 169.5s
      saved 0.64 MiB; preprocess 0.14s
  p50: t=350.002s  front=538.0m
      crop x=438.0..629.0  z=84.0..275.5  headroom=133.8m
      cloud read: 243.9s
      saved 0.64 MiB; preprocess 0.14s
  p70: t=375.002s  front=650.0m
      crop x=552.0..743.0  z=114.0..305.5  headroom=133.2m
      cloud read: 245.1s
      saved 0.64 MiB; preprocess 0.14s
  p90: t=400.002s  front=816.0m
      crop x=720.0..911.0  z=162.0..353.5  headroom=136.2m
      cloud read: 327.2s
      saved 0.64 MiB; preprocess 0.14s
  CASE TIME: 18.1 min

========================================================================
CASE 34/117: u10/ramp17.5  [train]
========================================================================
  scouting progression...
    t=260.002s  front=302.0m  peak excess=817.1K  (5.1s)
    t=275.002s  front=329.0m  peak excess=779.7K  (5.1s)
    t=290.002s  front=354.0m  peak excess=766.3K  (5.0s)
    t=305.002s  front=373.0m  peak excess=764.4K  (5.2s)
    t=320.002s  front=400.0m  peak excess=788.8K  (4.9s)
    t=335.002s  front=473.0m  peak excess=793.3K  (5.0s)
    t=350.002s  front=538.0m  peak excess=779.5K  (4.8s)
    t=375.002s  front=668.0m  peak excess=797.8K  (4.9s)
    t=400.002s  front=844.0m  peak excess=794.1K  (4.9s)
  selected stages:
    10%: t=290.002s  front=354.0m
    30%: t=335.002s  front=473.0m
    50%: t=350.002s  front=538.0m
    70%: t=375.002s  front=668.0m
    90%: t=400.002s  front=844.0m
  p10: t=290.002s  front=354.0m
      crop x=258.0..449.0  z=42.0..233.5  headroom=123.5m
      cloud read: 51.1s
      saved 0.64 MiB; preprocess 0.14s
  p30: t=335.002s  front=473.0m
      crop x=372.0..563.0  z=78.0..269.5  headroom=123.5m
      cloud read: 52.8s
      saved 0.64 MiB; preprocess 0.14s
  p50: t=350.002s  front=538.0m
      crop x=438.0..629.0  z=102.0..293.5  headroom=126.7m
      cloud read: 45.8s
      saved 0.64 MiB; preprocess 0.14s
  p70: t=375.002s  front=668.0m
      crop x=570.0..761.0  z=144.0..335.5  headroom=127.1m
      cloud read: 45.2s
      saved 0.64 MiB; preprocess 0.14s
  p90: t=400.002s  front=844.0m
      crop x=744.0..935.0  z=198.0..389.5  headroom=126.2m
      cloud read: 95.2s
      saved 0.64 MiB; preprocess 0.13s
  CASE TIME: 5.7 min

========================================================================
CASE 35/117: u10/ramp20  [val]
========================================================================
  scouting progression...
    t=260.002s  front=302.0m  peak excess=810.8K  (4.7s)
    t=275.002s  front=332.0m  peak excess=795.9K  (4.9s)
    t=290.002s  front=358.0m  peak excess=768.1K  (5.0s)
    t=305.002s  front=379.0m  peak excess=782.1K  (4.8s)
    t=320.002s  front=421.0m  peak excess=785.0K  (5.4s)
    t=335.002s  front=487.0m  peak excess=796.7K  (4.7s)
    t=350.002s  front=575.0m  peak excess=783.5K  (4.7s)
    t=375.002s  front=700.0m  peak excess=809.1K  (4.9s)
    t=400.002s  front=880.0m  peak excess=797.8K  (4.8s)
  selected stages:
    10%: t=290.002s  front=358.0m
    30%: t=335.002s  front=487.0m
    50%: t=350.002s  front=575.0m
    70%: t=375.002s  front=700.0m
    90%: t=400.002s  front=880.0m
  p10: t=290.002s  front=358.0m
      crop x=258.0..449.0  z=54.0..245.5  headroom=118.5m
      cloud read: 54.1s
      saved 0.64 MiB; preprocess 0.14s
  p30: t=335.002s  front=487.0m
      crop x=390.0..581.0  z=102.0..293.5  headroom=118.4m
      cloud read: 49.1s
      saved 0.64 MiB; preprocess 0.13s
  p50: t=350.002s  front=575.0m
      crop x=474.0..665.0  z=132.0..323.5  headroom=117.9m
      cloud read: 51.4s
      saved 0.64 MiB; preprocess 0.14s
  p70: t=375.002s  front=700.0m
      crop x=600.0..791.0  z=174.0..365.5  headroom=114.0m
      cloud read: 104.1s
      saved 0.64 MiB; preprocess 0.14s
  p90: t=400.002s  front=880.0m
      crop x=780.0..971.0  z=240.0..431.5  headroom=114.5m
      cloud read: 52.5s
      saved 0.64 MiB; preprocess 0.14s
  CASE TIME: 6.0 min

========================================================================
CASE 36/117: u10/ramp22.5  [train]
========================================================================
  scouting progression...
    t=260.002s  front=302.0m  peak excess=873.7K  (4.8s)
    t=275.002s  front=329.0m  peak excess=816.9K  (4.8s)
    t=290.002s  front=361.0m  peak excess=804.1K  (4.7s)
    t=305.002s  front=396.0m  peak excess=776.1K  (4.7s)
    t=320.002s  front=422.0m  peak excess=773.6K  (4.7s)
    t=335.002s  front=486.0m  peak excess=791.3K  (4.8s)
    t=350.002s  front=556.0m  peak excess=783.1K  (4.8s)
    t=375.002s  front=722.0m  peak excess=816.8K  (4.7s)
    t=400.002s  front=894.0m  peak excess=808.3K  (4.7s)
  selected stages:
    10%: t=290.002s  front=361.0m
    30%: t=335.002s  front=486.0m
    50%: t=350.002s  front=556.0m
    70%: t=375.002s  front=722.0m
    90%: t=400.002s  front=894.0m
  p10: t=290.002s  front=361.0m
      crop x=264.0..455.0  z=60.0..251.5  headroom=104.5m
      cloud read: 49.6s
      saved 0.64 MiB; preprocess 0.14s
  p30: t=335.002s  front=486.0m
      crop x=390.0..581.0  z=114.0..305.5  headroom=106.3m
      cloud read: 45.1s
      saved 0.64 MiB; preprocess 0.14s
  p50: t=350.002s  front=556.0m
      crop x=456.0..647.0  z=144.0..335.5  headroom=108.9m
      cloud read: 49.5s
      saved 0.64 MiB; preprocess 0.14s
  p70: t=375.002s  front=722.0m
      crop x=624.0..815.0  z=210.0..401.5  headroom=105.3m
      cloud read: 103.6s
      saved 0.64 MiB; preprocess 0.14s
  p90: t=400.002s  front=894.0m
      crop x=798.0..989.0  z=282.0..473.5  headroom=105.3m
      cloud read: 60.0s
      saved 0.64 MiB; preprocess 0.14s
  CASE TIME: 5.9 min

========================================================================
CASE 37/117: u10/ramp25  [train]
========================================================================
  scouting progression...
    t=260.002s  front=302.0m  peak excess=842.5K  (4.9s)
    t=275.002s  front=333.0m  peak excess=790.8K  (4.8s)
    t=290.002s  front=363.0m  peak excess=780.4K  (5.0s)
    t=305.002s  front=392.0m  peak excess=757.6K  (4.7s)
    t=320.002s  front=437.0m  peak excess=756.8K  (4.8s)
    t=335.002s  front=496.0m  peak excess=766.4K  (4.7s)
    t=350.002s  front=585.0m  peak excess=756.4K  (4.7s)
    t=375.002s  front=748.0m  peak excess=775.0K  (4.9s)
    t=400.002s  front=941.0m  peak excess=798.7K  (4.6s)
  selected stages:
    10%: t=290.002s  front=363.0m
    30%: t=335.002s  front=496.0m
    50%: t=350.002s  front=585.0m
    70%: t=375.002s  front=748.0m
    90%: t=400.002s  front=941.0m
  p10: t=290.002s  front=363.0m
      crop x=264.0..455.0  z=72.0..263.5  headroom=98.0m
      cloud read: 54.3s
      saved 0.64 MiB; preprocess 0.14s
  p30: t=335.002s  front=496.0m
      crop x=396.0..587.0  z=132.0..323.5  headroom=96.4m
      cloud read: 53.9s
      saved 0.64 MiB; preprocess 0.14s
  p50: t=350.002s  front=585.0m
      crop x=486.0..677.0  z=174.0..365.5  headroom=96.4m
      cloud read: 43.7s
      saved 0.64 MiB; preprocess 0.14s
  p70: t=375.002s  front=748.0m
      crop x=648.0..839.0  z=252.0..443.5  headroom=98.9m
      cloud read: 86.9s
      saved 0.64 MiB; preprocess 0.14s
  p90: t=400.002s  front=941.0m
      crop x=840.0..1031.0  z=342.0..533.5  headroom=99.4m
      cloud read: 46.6s
      saved 0.64 MiB; preprocess 0.14s
  CASE TIME: 5.6 min

========================================================================
CASE 38/117: u10/ramp27.5  [test]
========================================================================
  scouting progression...
    t=260.002s  front=302.0m  peak excess=937.7K  (4.7s)
    t=275.002s  front=337.0m  peak excess=864.0K  (4.8s)
    t=290.002s  front=374.0m  peak excess=844.9K  (4.8s)
    t=305.002s  front=398.0m  peak excess=788.3K  (4.8s)
    t=320.002s  front=447.0m  peak excess=812.0K  (4.7s)
    t=335.002s  front=568.0m  peak excess=808.4K  (4.8s)
    t=350.002s  front=641.0m  peak excess=805.0K  (4.8s)
    t=375.002s  front=763.0m  peak excess=824.0K  (4.7s)
    t=400.002s  front=1055.0m  peak excess=867.2K  (4.8s)
  selected stages:
    10%: t=290.002s  front=374.0m
    30%: t=335.002s  front=568.0m
    50%: t=350.002s  front=641.0m
    70%: t=375.002s  front=763.0m
    90%: t=400.002s  front=1055.0m
  p10: t=290.002s  front=374.0m
      crop x=276.0..467.0  z=84.0..275.5  headroom=84.5m
      cloud read: 44.2s
      saved 0.64 MiB; preprocess 0.14s
  p30: t=335.002s  front=568.0m
      crop x=468.0..659.0  z=186.0..377.5  headroom=86.5m
      cloud read: 41.1s
      saved 0.64 MiB; preprocess 0.14s
  p50: t=350.002s  front=641.0m
      crop x=540.0..731.0  z=222.0..413.5  headroom=85.0m
      cloud read: 42.3s
      saved 0.64 MiB; preprocess 0.14s
  p70: t=375.002s  front=763.0m
      crop x=666.0..857.0  z=288.0..479.5  headroom=85.4m
      cloud read: 88.5s
      saved 0.64 MiB; preprocess 0.14s
  p90: t=400.002s  front=1055.0m
      crop x=954.0..1145.0  z=438.0..629.5  headroom=85.5m
      cloud read: 42.5s
      saved 0.64 MiB; preprocess 0.14s
  CASE TIME: 5.1 min

========================================================================
CASE 39/117: u10/ramp30  [train]
========================================================================
  scouting progression...
    t=260.002s  front=302.0m  peak excess=896.2K  (4.9s)
    t=275.002s  front=339.0m  peak excess=830.2K  (4.8s)
    t=290.002s  front=365.0m  peak excess=818.5K  (4.7s)
    t=305.002s  front=404.0m  peak excess=785.5K  (4.8s)
    t=320.002s  front=468.0m  peak excess=789.0K  (4.8s)
    t=335.002s  front=546.0m  peak excess=802.3K  (5.2s)
    t=350.002s  front=649.0m  peak excess=812.2K  (4.8s)
    t=375.002s  front=908.0m  peak excess=819.9K  (4.7s)
    t=400.002s  front=1102.0m  peak excess=895.5K  (4.8s)
  selected stages:
    10%: t=290.002s  front=365.0m
    30%: t=335.002s  front=546.0m
    50%: t=350.002s  front=649.0m
    70%: t=375.002s  front=908.0m
    90%: t=400.002s  front=1102.0m
  p10: t=290.002s  front=365.0m
      crop x=264.0..455.0  z=90.0..281.5  headroom=76.5m
      cloud read: 44.6s
      saved 0.64 MiB; preprocess 0.14s
  p30: t=335.002s  front=546.0m
      crop x=450.0..641.0  z=198.0..389.5  headroom=77.2m
      cloud read: 39.4s
      saved 0.64 MiB; preprocess 0.14s
  p50: t=350.002s  front=649.0m
      crop x=552.0..743.0  z=258.0..449.5  headroom=78.3m
      cloud read: 42.9s
      saved 0.64 MiB; preprocess 0.14s
  p70: t=375.002s  front=908.0m
      crop x=810.0..1001.0  z=402.0..593.5  headroom=73.3m
      cloud read: 47.4s
      saved 0.64 MiB; preprocess 0.14s
  p90: t=400.002s  front=1102.0m
      crop x=1002.0..1193.0  z=516.0..707.5  headroom=76.5m
      cloud read: 43.9s
      saved 0.64 MiB; preprocess 0.14s
  CASE TIME: 4.4 min

========================================================================
CASE 40/117: u12/ramp0  [train]
========================================================================
  scouting progression...
    t=260.002s  front=302.0m  peak excess=729.6K  (5.0s)
    t=275.002s  front=315.0m  peak excess=737.7K  (5.0s)
    t=290.002s  front=326.0m  peak excess=716.9K  (5.2s)
    t=305.002s  front=339.0m  peak excess=712.8K  (5.1s)
    t=320.002s  front=354.0m  peak excess=690.4K  (5.0s)
    t=335.002s  front=372.0m  peak excess=692.7K  (5.0s)
    t=350.002s  front=395.0m  peak excess=685.6K  (5.0s)
    t=375.002s  front=455.0m  peak excess=702.2K  (5.0s)
    t=400.002s  front=532.0m  peak excess=693.4K  (5.1s)
  selected stages:
    10%: t=290.002s  front=326.0m
    30%: t=335.002s  front=372.0m
    50%: t=350.002s  front=395.0m
    70%: t=375.002s  front=455.0m
    90%: t=400.002s  front=532.0m
  p10: t=290.002s  front=326.0m
      crop x=228.0..419.0  z=0.0..191.5  headroom=191.5m
      cloud read: 44.4s
      saved 0.64 MiB; preprocess 0.14s
  p30: t=335.002s  front=372.0m
      crop x=276.0..467.0  z=0.0..191.5  headroom=191.5m
      cloud read: 42.2s
      saved 0.64 MiB; preprocess 0.14s
  p50: t=350.002s  front=395.0m
      crop x=294.0..485.0  z=0.0..191.5  headroom=191.5m
      cloud read: 46.6s
      saved 0.64 MiB; preprocess 0.13s
  p70: t=375.002s  front=455.0m
      crop x=354.0..545.0  z=0.0..191.5  headroom=191.5m
      cloud read: 44.4s
      saved 0.64 MiB; preprocess 0.14s
  p90: t=400.002s  front=532.0m
      crop x=432.0..623.0  z=0.0..191.5  headroom=191.5m
      cloud read: 44.1s
      saved 0.64 MiB; preprocess 0.13s
  CASE TIME: 4.5 min

========================================================================
CASE 41/117: u12/ramp2.5  [train]
========================================================================
  scouting progression...
    t=260.002s  front=302.0m  peak excess=830.2K  (5.1s)
    t=275.002s  front=318.0m  peak excess=816.4K  (5.0s)
    t=290.002s  front=335.0m  peak excess=805.0K  (5.0s)
    t=305.002s  front=357.0m  peak excess=868.2K  (5.1s)
    t=320.002s  front=380.0m  peak excess=854.9K  (5.0s)
    t=335.002s  front=426.0m  peak excess=883.4K  (5.2s)
    t=350.002s  front=449.0m  peak excess=867.4K  (5.0s)
    t=375.002s  front=552.0m  peak excess=846.4K  (5.0s)
    t=400.002s  front=655.0m  peak excess=835.4K  (4.9s)
  selected stages:
    10%: t=290.002s  front=335.0m
    30%: t=335.002s  front=426.0m
    50%: t=350.002s  front=449.0m
    70%: t=375.002s  front=552.0m
    90%: t=400.002s  front=655.0m
  p10: t=290.002s  front=335.0m
      crop x=234.0..425.0  z=0.0..191.5  headroom=177.3m
      cloud read: 43.7s
      saved 0.64 MiB; preprocess 0.13s
  p30: t=335.002s  front=426.0m
      crop x=330.0..521.0  z=6.0..197.5  headroom=179.1m
      cloud read: 45.0s
      saved 0.64 MiB; preprocess 0.13s
  p50: t=350.002s  front=449.0m
      crop x=348.0..539.0  z=6.0..197.5  headroom=178.3m
      cloud read: 46.9s
      saved 0.64 MiB; preprocess 0.13s
  p70: t=375.002s  front=552.0m
      crop x=456.0..647.0  z=12.0..203.5  headroom=179.6m
      cloud read: 45.9s
      saved 0.64 MiB; preprocess 0.13s
  p90: t=400.002s  front=655.0m
      crop x=558.0..749.0  z=12.0..203.5  headroom=175.2m
      cloud read: 58.5s
      saved 0.64 MiB; preprocess 0.14s
  CASE TIME: 4.8 min

========================================================================
CASE 42/117: u12/ramp5  [train]
========================================================================
  scouting progression...
    t=260.002s  front=302.0m  peak excess=825.8K  (4.8s)
    t=275.002s  front=323.0m  peak excess=807.6K  (5.0s)
    t=290.002s  front=334.0m  peak excess=811.5K  (5.2s)
    t=305.002s  front=351.0m  peak excess=823.5K  (4.7s)
    t=320.002s  front=391.0m  peak excess=823.9K  (5.0s)
    t=335.002s  front=431.0m  peak excess=850.0K  (4.9s)
    t=350.002s  front=488.0m  peak excess=828.2K  (4.8s)
    t=375.002s  front=568.0m  peak excess=829.0K  (4.9s)
    t=400.002s  front=688.0m  peak excess=828.0K  (4.8s)
  selected stages:
    10%: t=290.002s  front=334.0m
    30%: t=335.002s  front=431.0m
    50%: t=350.002s  front=488.0m
    70%: t=375.002s  front=568.0m
    90%: t=400.002s  front=688.0m
  p10: t=290.002s  front=334.0m
      crop x=234.0..425.0  z=6.0..197.5  headroom=169.1m
      cloud read: 56.1s
      saved 0.64 MiB; preprocess 0.14s
  p30: t=335.002s  front=431.0m
      crop x=330.0..521.0  z=12.0..203.5  headroom=166.7m
      cloud read: 58.7s
      saved 0.64 MiB; preprocess 0.14s
  p50: t=350.002s  front=488.0m
      crop x=390.0..581.0  z=18.0..209.5  headroom=167.4m
      cloud read: 61.6s
      saved 0.64 MiB; preprocess 0.14s
  p70: t=375.002s  front=568.0m
      crop x=468.0..659.0  z=24.0..215.5  headroom=166.6m
      cloud read: 72.5s
      saved 0.64 MiB; preprocess 0.14s
  p90: t=400.002s  front=688.0m
      crop x=588.0..779.0  z=36.0..227.5  headroom=168.1m
      cloud read: 145.3s
      saved 0.64 MiB; preprocess 0.14s
  CASE TIME: 7.4 min

========================================================================
CASE 43/117: u12/ramp7.5  [val]
========================================================================
  scouting progression...
    t=260.002s  front=302.0m  peak excess=793.9K  (5.0s)
    t=275.002s  front=323.0m  peak excess=791.4K  (4.9s)
    t=290.002s  front=342.0m  peak excess=780.5K  (5.1s)
    t=305.002s  front=356.0m  peak excess=821.8K  (5.2s)
    t=320.002s  front=390.0m  peak excess=823.2K  (5.1s)
    t=335.002s  front=428.0m  peak excess=824.7K  (5.0s)
    t=350.002s  front=481.0m  peak excess=817.1K  (4.9s)
    t=375.002s  front=614.0m  peak excess=814.2K  (4.9s)
    t=400.002s  front=709.0m  peak excess=801.3K  (5.0s)
  selected stages:
    10%: t=290.002s  front=342.0m
    30%: t=335.002s  front=428.0m
    50%: t=350.002s  front=481.0m
    70%: t=375.002s  front=614.0m
    90%: t=400.002s  front=709.0m
  p10: t=290.002s  front=342.0m
      crop x=246.0..437.0  z=12.0..203.5  headroom=159.1m
      cloud read: 67.1s
      saved 0.64 MiB; preprocess 0.13s
  p30: t=335.002s  front=428.0m
      crop x=330.0..521.0  z=24.0..215.5  headroom=160.1m
      cloud read: 66.5s
      saved 0.64 MiB; preprocess 0.14s
  p50: t=350.002s  front=481.0m
      crop x=384.0..575.0  z=30.0..221.5  headroom=159.0m
      cloud read: 58.1s
      saved 0.64 MiB; preprocess 0.14s
  p70: t=375.002s  front=614.0m
      crop x=516.0..707.0  z=48.0..239.5  headroom=159.6m
      cloud read: 54.8s
      saved 0.64 MiB; preprocess 0.14s
  p90: t=400.002s  front=709.0m
      crop x=612.0..803.0  z=60.0..251.5  headroom=158.9m
      cloud read: 110.0s
      saved 0.64 MiB; preprocess 0.14s
  CASE TIME: 6.8 min

========================================================================
CASE 44/117: u12/ramp10  [train]
========================================================================
  scouting progression...
    t=260.002s  front=302.0m  peak excess=880.8K  (5.0s)
    t=275.002s  front=325.0m  peak excess=833.5K  (5.0s)
    t=290.002s  front=349.0m  peak excess=813.3K  (4.9s)
    t=305.002s  front=366.0m  peak excess=816.0K  (5.0s)
    t=320.002s  front=400.0m  peak excess=829.7K  (4.9s)
    t=335.002s  front=434.0m  peak excess=817.1K  (4.9s)
    t=350.002s  front=522.0m  peak excess=819.6K  (5.3s)
    t=375.002s  front=607.0m  peak excess=838.0K  (4.9s)
    t=400.002s  front=763.0m  peak excess=831.8K  (4.8s)
  selected stages:
    10%: t=290.002s  front=349.0m
    30%: t=335.002s  front=434.0m
    50%: t=350.002s  front=522.0m
    70%: t=375.002s  front=607.0m
    90%: t=400.002s  front=763.0m
  p10: t=290.002s  front=349.0m
      crop x=252.0..443.0  z=24.0..215.5  headroom=155.0m
      cloud read: 56.4s
      saved 0.64 MiB; preprocess 0.13s
  p30: t=335.002s  front=434.0m
      crop x=336.0..527.0  z=36.0..227.5  headroom=152.2m
      cloud read: 55.6s
      saved 0.64 MiB; preprocess 0.14s
  p50: t=350.002s  front=522.0m
      crop x=426.0..617.0  z=54.0..245.5  headroom=154.3m
      cloud read: 57.4s
      saved 0.64 MiB; preprocess 0.13s
  p70: t=375.002s  front=607.0m
      crop x=510.0..701.0  z=66.0..257.5  headroom=151.5m
      cloud read: 57.2s
      saved 0.64 MiB; preprocess 0.13s
  p90: t=400.002s  front=763.0m
      crop x=666.0..857.0  z=96.0..287.5  headroom=154.0m
      cloud read: 121.8s
      saved 0.64 MiB; preprocess 0.13s
  CASE TIME: 6.6 min

========================================================================
CASE 45/117: u12/ramp12.5  [train]
========================================================================
  scouting progression...
    t=260.002s  front=302.0m  peak excess=725.1K  (4.9s)
    t=275.002s  front=324.0m  peak excess=739.1K  (4.8s)
    t=290.002s  front=351.0m  peak excess=760.1K  (4.9s)
    t=305.002s  front=369.0m  peak excess=810.5K  (4.9s)
    t=320.002s  front=405.0m  peak excess=805.3K  (4.9s)
    t=335.002s  front=448.0m  peak excess=807.2K  (4.7s)
    t=350.002s  front=527.0m  peak excess=807.8K  (4.7s)
    t=375.002s  front=651.0m  peak excess=811.1K  (5.0s)
    t=400.002s  front=775.0m  peak excess=818.7K  (4.9s)
  selected stages:
    10%: t=290.002s  front=351.0m
    30%: t=335.002s  front=448.0m
    50%: t=350.002s  front=527.0m
    70%: t=375.002s  front=651.0m
    90%: t=400.002s  front=775.0m
  p10: t=290.002s  front=351.0m
      crop x=252.0..443.0  z=30.0..221.5  headroom=145.5m
      cloud read: 55.5s
      saved 0.64 MiB; preprocess 0.14s
  p30: t=335.002s  front=448.0m
      crop x=348.0..539.0  z=48.0..239.5  headroom=142.2m
      cloud read: 57.9s
      saved 0.64 MiB; preprocess 0.14s
  p50: t=350.002s  front=527.0m
      crop x=426.0..617.0  z=66.0..257.5  headroom=142.9m
      cloud read: 59.8s
      saved 0.64 MiB; preprocess 0.14s
  p70: t=375.002s  front=651.0m
      crop x=552.0..743.0  z=96.0..287.5  headroom=145.0m
      cloud read: 62.2s
      saved 0.64 MiB; preprocess 0.14s
  p90: t=400.002s  front=775.0m
      crop x=678.0..869.0  z=120.0..311.5  headroom=141.0m
      cloud read: 117.4s
      saved 0.64 MiB; preprocess 0.14s
  CASE TIME: 6.7 min

========================================================================
CASE 46/117: u12/ramp15  [test]
========================================================================
  scouting progression...
    t=260.002s  front=302.0m  peak excess=915.1K  (4.8s)
    t=275.002s  front=329.0m  peak excess=853.7K  (4.9s)
    t=290.002s  front=357.0m  peak excess=827.6K  (4.8s)
    t=305.002s  front=385.0m  peak excess=816.6K  (4.9s)
    t=320.002s  front=426.0m  peak excess=817.8K  (4.9s)
    t=335.002s  front=495.0m  peak excess=823.8K  (4.8s)
    t=350.002s  front=579.0m  peak excess=805.9K  (4.6s)
    t=375.002s  front=678.0m  peak excess=815.8K  (4.8s)
    t=400.002s  front=859.0m  peak excess=836.7K  (4.7s)
  selected stages:
    10%: t=290.002s  front=357.0m
    30%: t=335.002s  front=495.0m
    50%: t=350.002s  front=579.0m
    70%: t=375.002s  front=678.0m
    90%: t=400.002s  front=859.0m
  p10: t=290.002s  front=357.0m
      crop x=258.0..449.0  z=36.0..227.5  headroom=134.0m
      cloud read: 55.6s
      saved 0.64 MiB; preprocess 0.14s
  p30: t=335.002s  front=495.0m
      crop x=396.0..587.0  z=72.0..263.5  headroom=133.0m
      cloud read: 51.8s
      saved 0.64 MiB; preprocess 0.14s
  p50: t=350.002s  front=579.0m
      crop x=480.0..671.0  z=96.0..287.5  headroom=134.5m
      cloud read: 56.1s
      saved 0.64 MiB; preprocess 0.14s
  p70: t=375.002s  front=678.0m
      crop x=582.0..773.0  z=126.0..317.5  headroom=137.2m
      cloud read: 109.8s
      saved 0.64 MiB; preprocess 0.13s
  p90: t=400.002s  front=859.0m
      crop x=762.0..953.0  z=174.0..365.5  headroom=136.9m
      cloud read: 113.4s
      saved 0.64 MiB; preprocess 0.13s
  CASE TIME: 7.2 min

========================================================================
CASE 47/117: u12/ramp17.5  [train]
========================================================================
  scouting progression...
    t=260.002s  front=302.0m  peak excess=845.5K  (4.8s)
    t=275.002s  front=335.0m  peak excess=799.5K  (4.9s)
    t=290.002s  front=354.0m  peak excess=784.6K  (5.0s)
    t=305.002s  front=389.0m  peak excess=792.0K  (5.3s)
    t=320.002s  front=427.0m  peak excess=794.7K  (4.8s)
    t=335.002s  front=511.0m  peak excess=800.4K  (4.9s)
    t=350.002s  front=584.0m  peak excess=792.3K  (4.7s)
    t=375.002s  front=733.0m  peak excess=794.7K  (4.8s)
    t=400.002s  front=917.0m  peak excess=789.3K  (4.6s)
  selected stages:
    10%: t=290.002s  front=354.0m
    30%: t=335.002s  front=511.0m
    50%: t=350.002s  front=584.0m
    70%: t=375.002s  front=733.0m
    90%: t=400.002s  front=917.0m
  p10: t=290.002s  front=354.0m
      crop x=258.0..449.0  z=42.0..233.5  headroom=123.5m
      cloud read: 52.2s
      saved 0.64 MiB; preprocess 0.14s
  p30: t=335.002s  front=511.0m
      crop x=414.0..605.0  z=96.0..287.5  headroom=128.3m
      cloud read: 56.3s
      saved 0.64 MiB; preprocess 0.14s
  p50: t=350.002s  front=584.0m
      crop x=486.0..677.0  z=114.0..305.5  headroom=123.6m
      cloud read: 52.5s
      saved 0.64 MiB; preprocess 0.14s
  p70: t=375.002s  front=733.0m
      crop x=636.0..827.0  z=162.0..353.5  headroom=124.3m
      cloud read: 113.3s
      saved 0.64 MiB; preprocess 0.13s
  p90: t=400.002s  front=917.0m
      crop x=816.0..1007.0  z=222.0..413.5  headroom=127.5m
      cloud read: 58.8s
      saved 0.64 MiB; preprocess 0.14s
  CASE TIME: 6.4 min

========================================================================
CASE 48/117: u12/ramp20  [train]
========================================================================
  scouting progression...
    t=260.002s  front=302.0m  peak excess=842.1K  (4.8s)
    t=275.002s  front=340.0m  peak excess=854.0K  (4.6s)
    t=290.002s  front=369.0m  peak excess=806.9K  (4.8s)
    t=305.002s  front=399.0m  peak excess=786.9K  (4.8s)
    t=320.002s  front=439.0m  peak excess=808.8K  (4.7s)
    t=335.002s  front=515.0m  peak excess=812.3K  (4.6s)
    t=350.002s  front=634.0m  peak excess=797.7K  (4.7s)
    t=375.002s  front=787.0m  peak excess=798.1K  (4.7s)
    t=400.002s  front=1016.0m  peak excess=825.4K  (4.9s)
  selected stages:
    10%: t=290.002s  front=369.0m
    30%: t=335.002s  front=515.0m
    50%: t=350.002s  front=634.0m
    70%: t=375.002s  front=787.0m
    90%: t=400.002s  front=1016.0m
  p10: t=290.002s  front=369.0m
      crop x=270.0..461.0  z=54.0..245.5  headroom=114.1m
      cloud read: 55.6s
      saved 0.64 MiB; preprocess 0.14s
  p30: t=335.002s  front=515.0m
      crop x=414.0..605.0  z=108.0..299.5  headroom=115.7m
      cloud read: 54.0s
      saved 0.64 MiB; preprocess 0.14s
  p50: t=350.002s  front=634.0m
      crop x=534.0..725.0  z=150.0..341.5  headroom=114.0m
      cloud read: 53.6s
      saved 0.64 MiB; preprocess 0.14s
  p70: t=375.002s  front=787.0m
      crop x=690.0..881.0  z=210.0..401.5  headroom=117.2m
      cloud read: 102.4s
      saved 0.64 MiB; preprocess 0.14s
  p90: t=400.002s  front=1016.0m
      crop x=918.0..1109.0  z=294.0..485.5  headroom=118.3m
      cloud read: 53.8s
      saved 0.64 MiB; preprocess 0.14s
  CASE TIME: 6.1 min

========================================================================
CASE 49/117: u12/ramp22.5  [train]
========================================================================
  scouting progression...
    t=260.002s  front=302.0m  peak excess=916.8K  (4.7s)
    t=275.002s  front=343.0m  peak excess=861.1K  (5.0s)
    t=290.002s  front=373.0m  peak excess=828.0K  (4.8s)
    t=305.002s  front=399.0m  peak excess=790.6K  (4.6s)
    t=320.002s  front=457.0m  peak excess=800.6K  (4.7s)
    t=335.002s  front=527.0m  peak excess=794.6K  (4.8s)
    t=350.002s  front=603.0m  peak excess=792.2K  (4.7s)
    t=375.002s  front=731.0m  peak excess=800.7K  (4.6s)
    t=400.002s  front=1101.0m  peak excess=798.1K  (4.6s)
  selected stages:
    10%: t=290.002s  front=373.0m
    30%: t=335.002s  front=527.0m
    50%: t=350.002s  front=603.0m
    70%: t=375.002s  front=731.0m
    90%: t=400.002s  front=1101.0m
  p10: t=290.002s  front=373.0m
      crop x=276.0..467.0  z=66.0..257.5  headroom=105.5m
      cloud read: 55.4s
      saved 0.64 MiB; preprocess 0.14s
  p30: t=335.002s  front=527.0m
      crop x=426.0..617.0  z=132.0..323.5  headroom=109.4m
      cloud read: 57.0s
      saved 0.64 MiB; preprocess 0.14s
  p50: t=350.002s  front=603.0m
      crop x=504.0..695.0  z=162.0..353.5  headroom=107.0m
      cloud read: 58.8s
      saved 0.64 MiB; preprocess 0.14s
  p70: t=375.002s  front=731.0m
      crop x=630.0..821.0  z=216.0..407.5  headroom=108.9m
      cloud read: 116.2s
      saved 0.64 MiB; preprocess 0.14s
  p90: t=400.002s  front=1101.0m
      crop x=1002.0..1193.0  z=366.0..557.5  headroom=104.8m
      cloud read: 54.7s
      saved 0.64 MiB; preprocess 0.14s
  CASE TIME: 6.5 min

========================================================================
CASE 50/117: u12/ramp25  [val]
========================================================================
  scouting progression...
    t=260.002s  front=302.0m  peak excess=874.4K  (4.9s)
    t=275.002s  front=342.0m  peak excess=831.2K  (4.8s)
    t=290.002s  front=377.0m  peak excess=802.0K  (4.6s)
    t=305.002s  front=422.0m  peak excess=773.8K  (4.7s)
    t=320.002s  front=467.0m  peak excess=785.7K  (4.7s)
    t=335.002s  front=541.0m  peak excess=778.0K  (4.7s)
    t=350.002s  front=645.0m  peak excess=781.9K  (4.7s)
    t=375.002s  front=823.0m  peak excess=790.3K  (4.6s)
    t=400.002s  front=1099.0m  peak excess=792.1K  (4.7s)
  selected stages:
    10%: t=290.002s  front=377.0m
    30%: t=335.002s  front=541.0m
    50%: t=350.002s  front=645.0m
    70%: t=375.002s  front=823.0m
    90%: t=400.002s  front=1099.0m
  p10: t=290.002s  front=377.0m
      crop x=276.0..467.0  z=78.0..269.5  headroom=98.4m
      cloud read: 56.0s
      saved 0.64 MiB; preprocess 0.14s
  p30: t=335.002s  front=541.0m
      crop x=444.0..635.0  z=156.0..347.5  headroom=98.0m
      cloud read: 50.1s
      saved 0.64 MiB; preprocess 0.14s
  p50: t=350.002s  front=645.0m
      crop x=546.0..737.0  z=204.0..395.5  headroom=98.5m
      cloud read: 60.0s
      saved 0.64 MiB; preprocess 0.14s
  p70: t=375.002s  front=823.0m
      crop x=726.0..917.0  z=288.0..479.5  headroom=98.5m
      cloud read: 105.8s
      saved 0.64 MiB; preprocess 0.14s
  p90: t=400.002s  front=1099.0m
      crop x=1002.0..1193.0  z=414.0..605.5  headroom=95.8m
      cloud read: 44.6s
      saved 0.64 MiB; preprocess 0.14s
  CASE TIME: 6.1 min

========================================================================
CASE 51/117: u12/ramp27.5  [train]
========================================================================
  scouting progression...
    t=260.002s  front=302.0m  peak excess=983.3K  (4.5s)
    t=275.002s  front=350.0m  peak excess=906.8K  (4.7s)
    t=290.002s  front=374.0m  peak excess=872.2K  (4.8s)
    t=305.002s  front=423.0m  peak excess=823.5K  (4.6s)
    t=320.002s  front=495.0m  peak excess=820.0K  (4.8s)
    t=335.002s  front=568.0m  peak excess=828.7K  (4.9s)
    t=350.002s  front=666.0m  peak excess=839.0K  (4.6s)
    t=375.002s  front=836.0m  peak excess=847.8K  (5.3s)
    t=400.002s  front=1103.0m  peak excess=974.4K  (4.7s)
  selected stages:
    10%: t=290.002s  front=374.0m
    30%: t=335.002s  front=568.0m
    50%: t=350.002s  front=666.0m
    70%: t=375.002s  front=836.0m
    90%: t=400.002s  front=1103.0m
  p10: t=290.002s  front=374.0m
      crop x=276.0..467.0  z=84.0..275.5  headroom=84.5m
      cloud read: 43.2s
      saved 0.64 MiB; preprocess 0.14s
  p30: t=335.002s  front=568.0m
      crop x=468.0..659.0  z=186.0..377.5  headroom=86.5m
      cloud read: 40.8s
      saved 0.64 MiB; preprocess 0.14s
  p50: t=350.002s  front=666.0m
      crop x=570.0..761.0  z=240.0..431.5  headroom=87.4m
      cloud read: 39.9s
      saved 0.64 MiB; preprocess 0.14s
  p70: t=375.002s  front=836.0m
      crop x=738.0..929.0  z=324.0..515.5  headroom=83.9m
      cloud read: 86.0s
      saved 0.64 MiB; preprocess 0.14s
  p90: t=400.002s  front=1103.0m
      crop x=1002.0..1193.0  z=462.0..653.5  headroom=84.5m
      cloud read: 42.1s
      saved 0.64 MiB; preprocess 0.14s
  CASE TIME: 5.0 min

========================================================================
CASE 52/117: u12/ramp30  [train]
========================================================================
  scouting progression...
    t=260.002s  front=302.0m  peak excess=939.3K  (4.5s)
    t=275.002s  front=346.0m  peak excess=870.5K  (4.7s)
    t=290.002s  front=384.0m  peak excess=845.0K  (4.8s)
    t=305.002s  front=436.0m  peak excess=792.5K  (4.6s)
    t=320.002s  front=501.0m  peak excess=804.4K  (4.7s)
    t=335.002s  front=578.0m  peak excess=800.7K  (4.6s)
    t=350.002s  front=701.0m  peak excess=817.4K  (4.6s)
    t=375.002s  front=908.0m  peak excess=838.9K  (4.9s)
    t=400.002s  front=1102.0m  peak excess=909.0K  (4.8s)
  selected stages:
    10%: t=290.002s  front=384.0m
    30%: t=335.002s  front=578.0m
    50%: t=350.002s  front=701.0m
    70%: t=375.002s  front=908.0m
    90%: t=400.002s  front=1102.0m
  p10: t=290.002s  front=384.0m
      crop x=288.0..479.0  z=102.0..293.5  headroom=74.7m
      cloud read: 42.3s
      saved 0.64 MiB; preprocess 0.14s
  p30: t=335.002s  front=578.0m
      crop x=480.0..671.0  z=216.0..407.5  headroom=77.8m
      cloud read: 43.0s
      saved 0.64 MiB; preprocess 0.14s
  p50: t=350.002s  front=701.0m
      crop x=600.0..791.0  z=282.0..473.5  headroom=74.6m
      cloud read: 85.1s
      saved 0.64 MiB; preprocess 0.14s
  p70: t=375.002s  front=908.0m
      crop x=810.0..1001.0  z=402.0..593.5  headroom=73.3m
      cloud read: 48.4s
      saved 0.64 MiB; preprocess 0.14s
  p90: t=400.002s  front=1102.0m
      crop x=1002.0..1193.0  z=516.0..707.5  headroom=76.5m
      cloud read: 45.6s
      saved 0.64 MiB; preprocess 0.14s
  CASE TIME: 5.2 min

========================================================================
CASE 53/117: u14/ramp0  [train]
========================================================================
  scouting progression...
    t=260.002s  front=302.0m  peak excess=771.1K  (5.2s)
    t=275.002s  front=317.0m  peak excess=751.9K  (5.1s)
    t=290.002s  front=331.0m  peak excess=747.4K  (5.2s)
    t=305.002s  front=346.0m  peak excess=725.4K  (5.2s)
    t=320.002s  front=365.0m  peak excess=697.3K  (5.2s)
    t=335.002s  front=386.0m  peak excess=696.1K  (5.5s)
    t=350.002s  front=425.0m  peak excess=697.1K  (5.0s)
    t=375.002s  front=494.0m  peak excess=697.1K  (4.9s)
    t=400.002s  front=569.0m  peak excess=698.2K  (5.0s)
    t=450.002s  front=748.0m  peak excess=685.2K  (4.9s)
    t=500.002s  front=949.0m  peak excess=683.1K  (4.9s)
    t=550.002s  front=1146.0m  peak excess=695.4K  (5.1s)
    t=600.002s  front=1292.0m  peak excess=689.0K  (5.0s)
    t=650.002s  front=320.0m  peak excess=692.8K  (5.0s)
    t=725.002s  front=316.0m  peak excess=787.7K  (5.1s)
    t=800.002s  front=314.0m  peak excess=1020.4K  (5.0s)
  selected stages:
    10%: t=335.002s  front=386.0m
    30%: t=400.002s  front=569.0m
    50%: t=450.002s  front=748.0m
    70%: t=500.002s  front=949.0m
    90%: t=550.002s  front=1146.0m
  p10: t=335.002s  front=386.0m
      crop x=288.0..479.0  z=0.0..191.5  headroom=191.5m
      cloud read: 41.7s
      saved 0.64 MiB; preprocess 0.13s
  p30: t=400.002s  front=569.0m
      crop x=468.0..659.0  z=0.0..191.5  headroom=191.5m
      cloud read: 42.7s
      saved 0.64 MiB; preprocess 0.14s
  p50: t=450.002s  front=748.0m
      crop x=648.0..839.0  z=0.0..191.5  headroom=191.5m
      cloud read: 86.6s
      saved 0.64 MiB; preprocess 0.14s
  p70: t=500.002s  front=949.0m
      crop x=852.0..1043.0  z=0.0..191.5  headroom=191.5m
      cloud read: 45.1s
      saved 0.64 MiB; preprocess 0.14s
  p90: t=550.002s  front=1146.0m
      crop x=1050.0..1241.0  z=0.0..191.5  headroom=191.5m
      cloud read: 61.1s
      saved 0.64 MiB; preprocess 0.14s
  CASE TIME: 6.1 min

========================================================================
CASE 54/117: u14/ramp2.5  [test]
========================================================================
  scouting progression...
    t=260.002s  front=302.0m  peak excess=854.1K  (5.2s)
    t=275.002s  front=323.0m  peak excess=832.4K  (5.2s)
    t=290.002s  front=336.0m  peak excess=874.4K  (5.2s)
    t=305.002s  front=357.0m  peak excess=888.8K  (5.0s)
    t=320.002s  front=380.0m  peak excess=879.2K  (5.1s)
    t=335.002s  front=426.0m  peak excess=885.3K  (5.0s)
    t=350.002s  front=483.0m  peak excess=862.1K  (5.0s)
    t=375.002s  front=586.0m  peak excess=849.8K  (5.0s)
    t=400.002s  front=712.0m  peak excess=839.2K  (5.2s)
  selected stages:
    10%: t=290.002s  front=336.0m
    30%: t=335.002s  front=426.0m
    50%: t=350.002s  front=483.0m
    70%: t=375.002s  front=586.0m
    90%: t=400.002s  front=712.0m
  p10: t=290.002s  front=336.0m
      crop x=240.0..431.0  z=0.0..191.5  headroom=177.0m
      cloud read: 52.0s
      saved 0.64 MiB; preprocess 0.13s
  p30: t=335.002s  front=426.0m
      crop x=330.0..521.0  z=6.0..197.5  headroom=179.1m
      cloud read: 57.3s
      saved 0.64 MiB; preprocess 0.14s
  p50: t=350.002s  front=483.0m
      crop x=384.0..575.0  z=6.0..197.5  headroom=176.8m
      cloud read: 60.1s
      saved 0.64 MiB; preprocess 0.14s
  p70: t=375.002s  front=586.0m
      crop x=486.0..677.0  z=12.0..203.5  headroom=178.3m
      cloud read: 58.2s
      saved 0.64 MiB; preprocess 0.14s
  p90: t=400.002s  front=712.0m
      crop x=612.0..803.0  z=18.0..209.5  headroom=178.8m
      cloud read: 109.4s
      saved 0.64 MiB; preprocess 0.14s
  CASE TIME: 6.5 min

========================================================================
CASE 55/117: u14/ramp5  [train]
========================================================================
  scouting progression...
    t=260.002s  front=302.0m  peak excess=844.8K  (5.0s)
    t=275.002s  front=324.0m  peak excess=828.9K  (5.1s)
    t=290.002s  front=347.0m  peak excess=819.9K  (5.0s)
    t=305.002s  front=368.0m  peak excess=849.6K  (5.2s)
    t=320.002s  front=408.0m  peak excess=858.6K  (4.9s)
    t=335.002s  front=454.0m  peak excess=852.0K  (5.1s)
    t=350.002s  front=528.0m  peak excess=839.2K  (5.0s)
    t=375.002s  front=631.0m  peak excess=821.3K  (5.0s)
    t=400.002s  front=734.0m  peak excess=814.0K  (5.0s)
  selected stages:
    10%: t=290.002s  front=347.0m
    30%: t=335.002s  front=454.0m
    50%: t=350.002s  front=528.0m
    70%: t=375.002s  front=631.0m
    90%: t=400.002s  front=734.0m
  p10: t=290.002s  front=347.0m
      crop x=246.0..437.0  z=6.0..197.5  headroom=168.0m
      cloud read: 54.6s
      saved 0.64 MiB; preprocess 0.14s
  p30: t=335.002s  front=454.0m
      crop x=354.0..545.0  z=18.0..209.5  headroom=170.6m
      cloud read: 51.9s
      saved 0.64 MiB; preprocess 0.14s
  p50: t=350.002s  front=528.0m
      crop x=432.0..623.0  z=24.0..215.5  headroom=169.7m
      cloud read: 56.8s
      saved 0.64 MiB; preprocess 0.14s
  p70: t=375.002s  front=631.0m
      crop x=534.0..725.0  z=30.0..221.5  headroom=166.8m
      cloud read: 52.0s
      saved 0.64 MiB; preprocess 0.14s
  p90: t=400.002s  front=734.0m
      crop x=636.0..827.0  z=42.0..233.5  headroom=169.9m
      cloud read: 107.6s
      saved 0.64 MiB; preprocess 0.13s
  CASE TIME: 6.2 min

========================================================================
CASE 56/117: u14/ramp7.5  [train]
========================================================================
  scouting progression...
    t=260.002s  front=302.0m  peak excess=810.2K  (5.1s)
    t=275.002s  front=327.0m  peak excess=811.9K  (5.1s)
    t=290.002s  front=352.0m  peak excess=798.7K  (5.1s)
    t=305.002s  front=371.0m  peak excess=848.1K  (4.8s)
    t=320.002s  front=409.0m  peak excess=834.8K  (5.0s)
    t=335.002s  front=466.0m  peak excess=832.2K  (4.8s)
    t=350.002s  front=538.0m  peak excess=832.1K  (5.2s)
    t=375.002s  front=652.0m  peak excess=832.9K  (4.9s)
    t=400.002s  front=804.0m  peak excess=806.7K  (5.2s)
  selected stages:
    10%: t=290.002s  front=352.0m
    30%: t=335.002s  front=466.0m
    50%: t=350.002s  front=538.0m
    70%: t=375.002s  front=652.0m
    90%: t=400.002s  front=804.0m
  p10: t=290.002s  front=352.0m
      crop x=252.0..443.0  z=12.0..203.5  headroom=158.3m
      cloud read: 55.1s
      saved 0.64 MiB; preprocess 0.14s
  p30: t=335.002s  front=466.0m
      crop x=366.0..557.0  z=30.0..221.5  headroom=161.3m
      cloud read: 51.8s
      saved 0.64 MiB; preprocess 0.13s
  p50: t=350.002s  front=538.0m
      crop x=438.0..629.0  z=36.0..227.5  headroom=157.9m
      cloud read: 54.9s
      saved 0.64 MiB; preprocess 0.13s
  p70: t=375.002s  front=652.0m
      crop x=552.0..743.0  z=54.0..245.5  headroom=160.8m
      cloud read: 61.7s
      saved 0.64 MiB; preprocess 0.13s
  p90: t=400.002s  front=804.0m
      crop x=708.0..899.0  z=72.0..263.5  headroom=158.3m
      cloud read: 109.8s
      saved 0.64 MiB; preprocess 0.13s
  CASE TIME: 6.4 min

========================================================================
CASE 57/117: u14/ramp10  [train]
========================================================================
  scouting progression...
    t=260.002s  front=302.0m  peak excess=902.7K  (5.0s)
    t=275.002s  front=332.0m  peak excess=858.5K  (5.1s)
    t=290.002s  front=349.0m  peak excess=832.8K  (5.0s)
    t=305.002s  front=383.0m  peak excess=832.8K  (5.0s)
    t=320.002s  front=417.0m  peak excess=842.2K  (4.8s)
    t=335.002s  front=485.0m  peak excess=826.2K  (4.8s)
    t=350.002s  front=573.0m  peak excess=834.9K  (5.0s)
    t=375.002s  front=692.0m  peak excess=836.6K  (4.8s)
    t=400.002s  front=831.0m  peak excess=824.1K  (5.7s)
  selected stages:
    10%: t=290.002s  front=349.0m
    30%: t=335.002s  front=485.0m
    50%: t=350.002s  front=573.0m
    70%: t=375.002s  front=692.0m
    90%: t=400.002s  front=831.0m
  p10: t=290.002s  front=349.0m
      crop x=252.0..443.0  z=24.0..215.5  headroom=155.0m
      cloud read: 56.0s
      saved 0.64 MiB; preprocess 0.14s
  p30: t=335.002s  front=485.0m
      crop x=384.0..575.0  z=42.0..233.5  headroom=149.7m
      cloud read: 54.2s
      saved 0.64 MiB; preprocess 0.14s
  p50: t=350.002s  front=573.0m
      crop x=474.0..665.0  z=60.0..251.5  headroom=151.9m
      cloud read: 52.8s
      saved 0.64 MiB; preprocess 0.14s
  p70: t=375.002s  front=692.0m
      crop x=594.0..785.0  z=84.0..275.5  headroom=154.7m
      cloud read: 106.9s
      saved 0.64 MiB; preprocess 0.14s
  p90: t=400.002s  front=831.0m
      crop x=732.0..923.0  z=108.0..299.5  headroom=154.4m
      cloud read: 112.6s
      saved 0.64 MiB; preprocess 0.14s
  CASE TIME: 7.2 min

========================================================================
CASE 58/117: u14/ramp12.5  [val]
========================================================================
  scouting progression...
    t=260.002s  front=302.0m  peak excess=761.8K  (4.9s)
    t=275.002s  front=333.0m  peak excess=804.6K  (5.0s)
    t=290.002s  front=360.0m  peak excess=802.4K  (4.9s)
    t=305.002s  front=387.0m  peak excess=811.6K  (4.7s)
    t=320.002s  front=439.0m  peak excess=828.8K  (4.9s)
    t=335.002s  front=511.0m  peak excess=818.1K  (4.9s)
    t=350.002s  front=590.0m  peak excess=814.3K  (4.8s)
    t=375.002s  front=748.0m  peak excess=802.5K  (4.8s)
    t=400.002s  front=926.0m  peak excess=823.6K  (4.7s)
  selected stages:
    10%: t=290.002s  front=360.0m
    30%: t=335.002s  front=511.0m
    50%: t=350.002s  front=590.0m
    70%: t=375.002s  front=748.0m
    90%: t=400.002s  front=926.0m
  p10: t=290.002s  front=360.0m
      crop x=264.0..455.0  z=30.0..221.5  headroom=142.8m
      cloud read: 51.6s
      saved 0.64 MiB; preprocess 0.14s
  p30: t=335.002s  front=511.0m
      crop x=414.0..605.0  z=66.0..257.5  headroom=145.5m
      cloud read: 53.7s
      saved 0.64 MiB; preprocess 0.14s
  p50: t=350.002s  front=590.0m
      crop x=492.0..683.0  z=84.0..275.5  headroom=146.3m
      cloud read: 49.5s
      saved 0.64 MiB; preprocess 0.14s
  p70: t=375.002s  front=748.0m
      crop x=648.0..839.0  z=114.0..305.5  headroom=141.7m
      cloud read: 103.3s
      saved 0.64 MiB; preprocess 0.14s
  p90: t=400.002s  front=926.0m
      crop x=828.0..1019.0  z=156.0..347.5  headroom=143.8m
      cloud read: 52.8s
      saved 0.64 MiB; preprocess 0.13s
  CASE TIME: 6.0 min

========================================================================
CASE 59/117: u14/ramp15  [train]
========================================================================
  scouting progression...
  ERROR: RuntimeError("Unexpected time units: 'nanoseconds'")
  Continuing to next case.

========================================================================
CASE 60/117: u14/ramp17.5  [train]
========================================================================
  scouting progression...
    t=260.002s  front=302.0m  peak excess=871.2K  (4.8s)
    t=275.002s  front=335.0m  peak excess=823.0K  (4.9s)
    t=290.002s  front=373.0m  peak excess=804.5K  (4.8s)
    t=305.002s  front=419.0m  peak excess=795.8K  (4.8s)
    t=320.002s  front=465.0m  peak excess=809.1K  (4.8s)
    t=335.002s  front=557.0m  peak excess=821.1K  (5.0s)
    t=350.002s  front=641.0m  peak excess=812.5K  (4.8s)
    t=375.002s  front=798.0m  peak excess=799.2K  (4.8s)
    t=400.002s  front=1028.0m  peak excess=799.4K  (4.8s)
  selected stages:
    10%: t=290.002s  front=373.0m
    30%: t=335.002s  front=557.0m
    50%: t=350.002s  front=641.0m
    70%: t=375.002s  front=798.0m
    90%: t=400.002s  front=1028.0m
  p10: t=290.002s  front=373.0m
      crop x=276.0..467.0  z=48.0..239.5  headroom=123.8m
      cloud read: 54.4s
      saved 0.64 MiB; preprocess 0.14s
  p30: t=335.002s  front=557.0m
      crop x=456.0..647.0  z=108.0..299.5  headroom=127.0m
      cloud read: 52.7s
      saved 0.64 MiB; preprocess 0.14s
  p50: t=350.002s  front=641.0m
      crop x=540.0..731.0  z=132.0..323.5  headroom=124.5m
      cloud read: 54.4s
      saved 0.64 MiB; preprocess 0.13s
  p70: t=375.002s  front=798.0m
      crop x=702.0..893.0  z=186.0..377.5  headroom=127.5m
      cloud read: 102.9s
      saved 0.64 MiB; preprocess 0.14s
  p90: t=400.002s  front=1028.0m
      crop x=930.0..1121.0  z=258.0..449.5  headroom=127.6m
      cloud read: 55.5s
      saved 0.64 MiB; preprocess 0.14s
  CASE TIME: 6.1 min

========================================================================
CASE 61/117: u14/ramp20  [test]
========================================================================
  scouting progression...
    t=260.002s  front=302.0m  peak excess=900.2K  (4.7s)
    t=275.002s  front=343.0m  peak excess=909.2K  (5.0s)
    t=290.002s  front=380.0m  peak excess=840.8K  (5.0s)
    t=305.002s  front=428.0m  peak excess=797.9K  (4.8s)
    t=320.002s  front=483.0m  peak excess=824.3K  (4.7s)
    t=335.002s  front=579.0m  peak excess=818.2K  (4.9s)
    t=350.002s  front=651.0m  peak excess=810.6K  (4.8s)
    t=375.002s  front=862.0m  peak excess=807.8K  (4.7s)
    t=400.002s  front=1101.0m  peak excess=832.7K  (4.9s)
  selected stages:
    10%: t=290.002s  front=380.0m
    30%: t=335.002s  front=579.0m
    50%: t=350.002s  front=651.0m
    70%: t=375.002s  front=862.0m
    90%: t=400.002s  front=1101.0m
  p10: t=290.002s  front=380.0m
      crop x=282.0..473.0  z=60.0..251.5  headroom=115.7m
      cloud read: 56.1s
      saved 0.64 MiB; preprocess 0.14s
  p30: t=335.002s  front=579.0m
      crop x=480.0..671.0  z=132.0..323.5  headroom=115.7m
      cloud read: 52.8s
      saved 0.64 MiB; preprocess 0.14s
  p50: t=350.002s  front=651.0m
      crop x=552.0..743.0  z=162.0..353.5  headroom=119.5m
      cloud read: 51.7s
      saved 0.64 MiB; preprocess 0.14s
  p70: t=375.002s  front=862.0m
      crop x=762.0..953.0  z=234.0..425.5  headroom=115.0m
      cloud read: 114.3s
      saved 0.64 MiB; preprocess 0.14s
  p90: t=400.002s  front=1101.0m
      crop x=1002.0..1193.0  z=324.0..515.5  headroom=117.7m
      cloud read: 59.2s
      saved 0.64 MiB; preprocess 0.14s
  CASE TIME: 6.4 min

========================================================================
CASE 62/117: u14/ramp22.5  [train]
========================================================================
  scouting progression...
    t=260.002s  front=302.0m  peak excess=946.6K  (5.2s)
    t=275.002s  front=349.0m  peak excess=914.5K  (5.4s)
    t=290.002s  front=381.0m  peak excess=852.2K  (5.5s)
    t=305.002s  front=428.0m  peak excess=797.5K  (4.8s)
    t=320.002s  front=486.0m  peak excess=801.5K  (5.0s)
    t=335.002s  front=585.0m  peak excess=810.7K  (4.7s)
    t=350.002s  front=673.0m  peak excess=803.6K  (4.6s)
    t=375.002s  front=862.0m  peak excess=804.2K  (4.7s)
    t=400.002s  front=1101.0m  peak excess=826.4K  (4.6s)
  selected stages:
    10%: t=290.002s  front=381.0m
    30%: t=335.002s  front=585.0m
    50%: t=350.002s  front=673.0m
    70%: t=375.002s  front=862.0m
    90%: t=400.002s  front=1101.0m
  p10: t=290.002s  front=381.0m
      crop x=282.0..473.0  z=72.0..263.5  headroom=109.0m
      cloud read: 54.2s
      saved 0.64 MiB; preprocess 0.14s
  p30: t=335.002s  front=585.0m
      crop x=486.0..677.0  z=156.0..347.5  headroom=108.5m
      cloud read: 51.5s
      saved 0.64 MiB; preprocess 0.14s
  p50: t=350.002s  front=673.0m
      crop x=576.0..767.0  z=192.0..383.5  headroom=107.2m
      cloud read: 124.7s
      saved 0.64 MiB; preprocess 0.14s
  p70: t=375.002s  front=862.0m
      crop x=762.0..953.0  z=270.0..461.5  headroom=108.2m
      cloud read: 117.9s
      saved 0.64 MiB; preprocess 0.14s
  p90: t=400.002s  front=1101.0m
      crop x=1002.0..1193.0  z=366.0..557.5  headroom=104.8m
      cloud read: 55.9s
      saved 0.64 MiB; preprocess 0.14s
  CASE TIME: 7.5 min

========================================================================
CASE 63/117: u14/ramp25  [train]
========================================================================
  scouting progression...
    t=260.002s  front=302.0m  peak excess=905.7K  (5.0s)
    t=275.002s  front=348.0m  peak excess=888.4K  (4.9s)
    t=290.002s  front=392.0m  peak excess=831.2K  (4.8s)
    t=305.002s  front=437.0m  peak excess=778.5K  (4.7s)
    t=320.002s  front=496.0m  peak excess=803.4K  (5.0s)
    t=335.002s  front=585.0m  peak excess=794.4K  (4.7s)
    t=350.002s  front=719.0m  peak excess=792.6K  (4.7s)
    t=375.002s  front=927.0m  peak excess=813.9K  (4.7s)
    t=400.002s  front=1105.0m  peak excess=889.7K  (4.7s)
  selected stages:
    10%: t=290.002s  front=392.0m
    30%: t=335.002s  front=585.0m
    50%: t=350.002s  front=719.0m
    70%: t=375.002s  front=927.0m
    90%: t=400.002s  front=1105.0m
  p10: t=290.002s  front=392.0m
      crop x=294.0..485.0  z=84.0..275.5  headroom=96.0m
      cloud read: 54.2s
      saved 0.64 MiB; preprocess 0.14s
  p30: t=335.002s  front=585.0m
      crop x=486.0..677.0  z=174.0..365.5  headroom=96.4m
      cloud read: 56.2s
      saved 0.64 MiB; preprocess 0.14s
  p50: t=350.002s  front=719.0m
      crop x=618.0..809.0  z=234.0..425.5  headroom=94.9m
      cloud read: 127.1s
      saved 0.64 MiB; preprocess 0.14s
  p70: t=375.002s  front=927.0m
      crop x=828.0..1019.0  z=336.0..527.5  headroom=99.0m
      cloud read: 63.9s
      saved 0.64 MiB; preprocess 0.14s
  p90: t=400.002s  front=1105.0m
      crop x=1008.0..1199.0  z=420.0..611.5  headroom=99.0m
      cloud read: 50.2s
      saved 0.64 MiB; preprocess 0.14s
  CASE TIME: 6.7 min

========================================================================
CASE 64/117: u14/ramp27.5  [train]
========================================================================
  scouting progression...
    t=260.002s  front=302.0m  peak excess=1016.4K  (4.9s)
    t=275.002s  front=350.0m  peak excess=940.4K  (4.9s)
    t=290.002s  front=398.0m  peak excess=892.2K  (4.9s)
    t=305.002s  front=447.0m  peak excess=825.9K  (4.9s)
    t=320.002s  front=520.0m  peak excess=847.0K  (4.8s)
    t=335.002s  front=617.0m  peak excess=837.8K  (5.3s)
    t=350.002s  front=763.0m  peak excess=841.9K  (4.8s)
    t=375.002s  front=982.0m  peak excess=884.1K  (5.1s)
    t=400.002s  front=1103.0m  peak excess=920.3K  (4.9s)
  selected stages:
    10%: t=290.002s  front=398.0m
    30%: t=320.002s  front=520.0m
    50%: t=335.002s  front=617.0m
    70%: t=350.002s  front=763.0m
    90%: t=375.002s  front=982.0m
  p10: t=290.002s  front=398.0m
      crop x=300.0..491.0  z=96.0..287.5  headroom=84.0m
      cloud read: 54.0s
      saved 0.64 MiB; preprocess 0.14s
  p30: t=320.002s  front=520.0m
      crop x=420.0..611.0  z=162.0..353.5  headroom=87.5m
      cloud read: 55.6s
      saved 0.64 MiB; preprocess 0.14s
  p50: t=335.002s  front=617.0m
      crop x=516.0..707.0  z=210.0..401.5  headroom=85.5m
      cloud read: 55.5s
      saved 0.64 MiB; preprocess 0.14s
  p70: t=350.002s  front=763.0m
      crop x=666.0..857.0  z=288.0..479.5  headroom=85.4m
      cloud read: 111.6s
      saved 0.64 MiB; preprocess 0.14s
  p90: t=375.002s  front=982.0m
      crop x=882.0..1073.0  z=402.0..593.5  headroom=87.0m
      cloud read: 57.6s
      saved 0.64 MiB; preprocess 0.14s
  CASE TIME: 6.4 min

========================================================================
CASE 65/117: u14/ramp30  [val]
========================================================================
  scouting progression...
    t=260.002s  front=302.0m  peak excess=971.9K  (5.4s)
    t=275.002s  front=352.0m  peak excess=911.0K  (5.2s)
    t=290.002s  front=397.0m  peak excess=866.1K  (5.3s)
    t=305.002s  front=449.0m  peak excess=813.4K  (5.2s)
    t=320.002s  front=520.0m  peak excess=820.5K  (5.0s)
    t=335.002s  front=630.0m  peak excess=819.4K  (5.2s)
    t=350.002s  front=727.0m  peak excess=820.6K  (4.8s)
    t=375.002s  front=979.0m  peak excess=838.1K  (5.1s)
    t=400.002s  front=1102.0m  peak excess=882.0K  (5.0s)
  selected stages:
    10%: t=290.002s  front=397.0m
    30%: t=320.002s  front=520.0m
    50%: t=350.002s  front=727.0m
    70%: t=375.002s  front=979.0m
    90%: t=400.002s  front=1102.0m
  p10: t=290.002s  front=397.0m
      crop x=300.0..491.0  z=108.0..299.5  headroom=73.8m
      cloud read: 55.2s
      saved 0.64 MiB; preprocess 0.14s
  p30: t=320.002s  front=520.0m
      crop x=420.0..611.0  z=180.0..371.5  headroom=76.5m
      cloud read: 52.8s
      saved 0.64 MiB; preprocess 0.14s
  p50: t=350.002s  front=727.0m
      crop x=630.0..821.0  z=300.0..491.5  headroom=75.2m
      cloud read: 117.1s
      saved 0.64 MiB; preprocess 0.14s
  p70: t=375.002s  front=979.0m
      crop x=882.0..1073.0  z=444.0..635.5  headroom=73.7m
      cloud read: 65.0s
      saved 0.64 MiB; preprocess 0.14s
  p90: t=400.002s  front=1102.0m
      crop x=1002.0..1193.0  z=516.0..707.5  headroom=76.5m
      cloud read: 64.6s
      saved 0.64 MiB; preprocess 0.14s
  CASE TIME: 6.8 min

========================================================================
CASE 66/117: u16/ramp0  [val]
========================================================================
  scouting progression...
    t=260.002s  front=302.0m  peak excess=788.5K  (5.3s)
    t=275.002s  front=319.0m  peak excess=783.4K  (5.7s)
    t=290.002s  front=335.0m  peak excess=758.6K  (5.6s)
    t=305.002s  front=352.0m  peak excess=746.8K  (5.3s)
    t=320.002s  front=377.0m  peak excess=706.1K  (5.2s)
    t=335.002s  front=408.0m  peak excess=699.7K  (5.2s)
    t=350.002s  front=450.0m  peak excess=711.1K  (5.1s)
    t=375.002s  front=522.0m  peak excess=703.5K  (5.5s)
    t=400.002s  front=611.0m  peak excess=702.2K  (5.3s)
  selected stages:
    10%: t=290.002s  front=335.0m
    30%: t=335.002s  front=408.0m
    50%: t=350.002s  front=450.0m
    70%: t=375.002s  front=522.0m
    90%: t=400.002s  front=611.0m
  p10: t=290.002s  front=335.0m
      crop x=234.0..425.0  z=0.0..191.5  headroom=191.5m
      cloud read: 65.9s
      saved 0.64 MiB; preprocess 0.14s
  p30: t=335.002s  front=408.0m
      crop x=312.0..503.0  z=0.0..191.5  headroom=191.5m
      cloud read: 59.1s
      saved 0.64 MiB; preprocess 0.14s
  p50: t=350.002s  front=450.0m
      crop x=354.0..545.0  z=0.0..191.5  headroom=191.5m
      cloud read: 57.1s
      saved 0.64 MiB; preprocess 0.13s
  p70: t=375.002s  front=522.0m
      crop x=426.0..617.0  z=0.0..191.5  headroom=191.5m
      cloud read: 52.3s
      saved 0.64 MiB; preprocess 0.14s
  p90: t=400.002s  front=611.0m
      crop x=510.0..701.0  z=0.0..191.5  headroom=191.5m
      cloud read: 52.6s
      saved 0.64 MiB; preprocess 0.13s
  CASE TIME: 5.7 min

========================================================================
CASE 67/117: u16/ramp2.5  [train]
========================================================================
  scouting progression...
    t=260.002s  front=302.0m  peak excess=877.9K  (5.1s)
    t=275.002s  front=323.0m  peak excess=855.7K  (5.0s)
    t=290.002s  front=347.0m  peak excess=886.4K  (5.0s)
    t=305.002s  front=370.0m  peak excess=884.5K  (5.0s)
    t=320.002s  front=403.0m  peak excess=912.8K  (5.1s)
    t=335.002s  front=483.0m  peak excess=869.6K  (4.9s)
    t=350.002s  front=529.0m  peak excess=862.1K  (5.0s)
    t=375.002s  front=632.0m  peak excess=866.3K  (4.9s)
    t=400.002s  front=758.0m  peak excess=862.5K  (5.1s)
  selected stages:
    10%: t=290.002s  front=347.0m
    30%: t=320.002s  front=403.0m
    50%: t=350.002s  front=529.0m
    70%: t=375.002s  front=632.0m
    90%: t=400.002s  front=758.0m
  p10: t=290.002s  front=347.0m
      crop x=246.0..437.0  z=0.0..191.5  headroom=176.8m
      cloud read: 52.1s
      saved 0.64 MiB; preprocess 0.14s
  p30: t=320.002s  front=403.0m
      crop x=306.0..497.0  z=6.0..197.5  headroom=180.2m
      cloud read: 55.9s
      saved 0.64 MiB; preprocess 0.13s
  p50: t=350.002s  front=529.0m
      crop x=432.0..623.0  z=6.0..197.5  headroom=174.7m
      cloud read: 56.5s
      saved 0.64 MiB; preprocess 0.13s
  p70: t=375.002s  front=632.0m
      crop x=534.0..725.0  z=12.0..203.5  headroom=176.2m
      cloud read: 61.9s
      saved 0.64 MiB; preprocess 0.14s
  p90: t=400.002s  front=758.0m
      crop x=660.0..851.0  z=18.0..209.5  headroom=176.7m
      cloud read: 120.0s
      saved 0.64 MiB; preprocess 0.14s
  CASE TIME: 6.6 min

========================================================================
CASE 68/117: u16/ramp5  [train]
========================================================================
  scouting progression...
    t=260.002s  front=302.0m  peak excess=875.0K  (4.9s)
    t=275.002s  front=328.0m  peak excess=846.1K  (5.2s)
    t=290.002s  front=351.0m  peak excess=829.7K  (4.9s)
    t=305.002s  front=374.0m  peak excess=854.9K  (5.0s)
    t=320.002s  front=414.0m  peak excess=864.6K  (5.0s)
    t=335.002s  front=488.0m  peak excess=859.7K  (4.9s)
    t=350.002s  front=551.0m  peak excess=840.0K  (5.3s)
    t=375.002s  front=688.0m  peak excess=833.9K  (5.1s)
    t=400.002s  front=848.0m  peak excess=818.3K  (5.1s)
  selected stages:
    10%: t=290.002s  front=351.0m
    30%: t=335.002s  front=488.0m
    50%: t=350.002s  front=551.0m
    70%: t=375.002s  front=688.0m
    90%: t=400.002s  front=848.0m
  p10: t=290.002s  front=351.0m
      crop x=252.0..443.0  z=6.0..197.5  headroom=167.5m
      cloud read: 61.0s
      saved 0.64 MiB; preprocess 0.14s
  p30: t=335.002s  front=488.0m
      crop x=390.0..581.0  z=18.0..209.5  headroom=167.4m
      cloud read: 59.5s
      saved 0.64 MiB; preprocess 0.14s
  p50: t=350.002s  front=551.0m
      crop x=450.0..641.0  z=24.0..215.5  headroom=168.2m
      cloud read: 63.1s
      saved 0.64 MiB; preprocess 0.14s
  p70: t=375.002s  front=688.0m
      crop x=588.0..779.0  z=36.0..227.5  headroom=168.1m
      cloud read: 130.2s
      saved 0.64 MiB; preprocess 0.14s
  p90: t=400.002s  front=848.0m
      crop x=750.0..941.0  z=54.0..245.5  headroom=171.9m
      cloud read: 139.2s
      saved 0.64 MiB; preprocess 0.13s
  CASE TIME: 8.4 min

========================================================================
CASE 69/117: u16/ramp7.5  [test]
========================================================================
  scouting progression...
    t=260.002s  front=302.0m  peak excess=853.1K  (5.0s)
    t=275.002s  front=334.0m  peak excess=855.1K  (5.1s)
    t=290.002s  front=352.0m  peak excess=821.1K  (5.1s)
    t=305.002s  front=390.0m  peak excess=857.7K  (5.0s)
    t=320.002s  front=428.0m  peak excess=865.3K  (4.9s)
    t=335.002s  front=500.0m  peak excess=845.5K  (4.8s)
    t=350.002s  front=576.0m  peak excess=834.9K  (4.8s)
    t=375.002s  front=709.0m  peak excess=827.1K  (4.8s)
    t=400.002s  front=895.0m  peak excess=846.3K  (4.8s)
  selected stages:
    10%: t=290.002s  front=352.0m
    30%: t=335.002s  front=500.0m
    50%: t=350.002s  front=576.0m
    70%: t=375.002s  front=709.0m
    90%: t=400.002s  front=895.0m
  p10: t=290.002s  front=352.0m
      crop x=252.0..443.0  z=12.0..203.5  headroom=158.3m
      cloud read: 66.6s
      saved 0.64 MiB; preprocess 0.14s
  p30: t=335.002s  front=500.0m
      crop x=402.0..593.0  z=36.0..227.5  headroom=162.6m
      cloud read: 65.1s
      saved 0.64 MiB; preprocess 0.14s
  p50: t=350.002s  front=576.0m
      crop x=480.0..671.0  z=42.0..233.5  headroom=158.3m
      cloud read: 59.6s
      saved 0.64 MiB; preprocess 0.14s
  p70: t=375.002s  front=709.0m
      crop x=612.0..803.0  z=60.0..251.5  headroom=158.9m
      cloud read: 122.6s
      saved 0.64 MiB; preprocess 0.14s
  p90: t=400.002s  front=895.0m
      crop x=798.0..989.0  z=84.0..275.5  headroom=158.5m
      cloud read: 64.9s
      saved 0.64 MiB; preprocess 0.13s
  CASE TIME: 7.1 min

========================================================================
CASE 70/117: u16/ramp10  [train]
========================================================================
  scouting progression...
    t=260.002s  front=302.0m  peak excess=933.2K  (4.9s)
    t=275.002s  front=332.0m  peak excess=907.2K  (5.1s)
    t=290.002s  front=366.0m  peak excess=848.2K  (5.1s)
    t=305.002s  front=400.0m  peak excess=837.0K  (4.9s)
    t=320.002s  front=451.0m  peak excess=876.2K  (5.0s)
    t=335.002s  front=522.0m  peak excess=850.1K  (4.9s)
    t=350.002s  front=607.0m  peak excess=839.3K  (4.9s)
    t=375.002s  front=763.0m  peak excess=827.0K  (5.0s)
    t=400.002s  front=916.0m  peak excess=820.8K  (4.8s)
  selected stages:
    10%: t=290.002s  front=366.0m
    30%: t=320.002s  front=451.0m
    50%: t=350.002s  front=607.0m
    70%: t=375.002s  front=763.0m
    90%: t=400.002s  front=916.0m
  p10: t=290.002s  front=366.0m
      crop x=270.0..461.0  z=24.0..215.5  headroom=151.8m
      cloud read: 71.3s
      saved 0.64 MiB; preprocess 0.13s
  p30: t=320.002s  front=451.0m
      crop x=354.0..545.0  z=42.0..233.5  headroom=155.0m
      cloud read: 61.0s
      saved 0.64 MiB; preprocess 0.14s
  p50: t=350.002s  front=607.0m
      crop x=510.0..701.0  z=66.0..257.5  headroom=151.5m
      cloud read: 61.8s
      saved 0.64 MiB; preprocess 0.14s
  p70: t=375.002s  front=763.0m
      crop x=666.0..857.0  z=96.0..287.5  headroom=154.0m
      cloud read: 143.8s
      saved 0.64 MiB; preprocess 0.14s
  p90: t=400.002s  front=916.0m
      crop x=816.0..1007.0  z=120.0..311.5  headroom=151.6m
      cloud read: 66.3s
      saved 0.64 MiB; preprocess 0.13s
  CASE TIME: 7.6 min

========================================================================
CASE 71/117: u16/ramp12.5  [train]
========================================================================
  scouting progression...
    t=260.002s  front=302.0m  peak excess=827.4K  (4.9s)
    t=275.002s  front=333.0m  peak excess=853.4K  (4.8s)
    t=290.002s  front=360.0m  peak excess=814.5K  (4.9s)
    t=305.002s  front=405.0m  peak excess=826.7K  (4.9s)
    t=320.002s  front=466.0m  peak excess=845.0K  (4.9s)
    t=335.002s  front=545.0m  peak excess=831.8K  (4.9s)
    t=350.002s  front=642.0m  peak excess=826.7K  (4.8s)
    t=375.002s  front=775.0m  peak excess=825.2K  (4.9s)
    t=400.002s  front=917.0m  peak excess=815.8K  (4.8s)
  selected stages:
    10%: t=290.002s  front=360.0m
    30%: t=320.002s  front=466.0m
    50%: t=350.002s  front=642.0m
    70%: t=375.002s  front=775.0m
    90%: t=400.002s  front=917.0m
  p10: t=290.002s  front=360.0m
      crop x=264.0..455.0  z=30.0..221.5  headroom=142.8m
      cloud read: 64.2s
      saved 0.64 MiB; preprocess 0.14s
  p30: t=320.002s  front=466.0m
      crop x=366.0..557.0  z=54.0..245.5  headroom=144.2m
      cloud read: 64.2s
      saved 0.64 MiB; preprocess 0.14s
  p50: t=350.002s  front=642.0m
      crop x=546.0..737.0  z=96.0..287.5  headroom=146.3m
      cloud read: 64.0s
      saved 0.64 MiB; preprocess 0.14s
  p70: t=375.002s  front=775.0m
      crop x=678.0..869.0  z=120.0..311.5  headroom=141.0m
      cloud read: 130.4s
      saved 0.64 MiB; preprocess 0.14s
  p90: t=400.002s  front=917.0m
      crop x=816.0..1007.0  z=156.0..347.5  headroom=146.4m
      cloud read: 62.3s
      saved 0.64 MiB; preprocess 0.13s
  CASE TIME: 7.2 min

========================================================================
CASE 72/117: u16/ramp15  [train]
========================================================================
  scouting progression...
    t=260.002s  front=302.0m  peak excess=978.6K  (5.0s)
    t=275.002s  front=342.0m  peak excess=961.6K  (5.0s)
    t=290.002s  front=385.0m  peak excess=864.1K  (5.0s)
    t=305.002s  front=426.0m  peak excess=844.3K  (4.9s)
    t=320.002s  front=495.0m  peak excess=860.4K  (5.0s)
    t=335.002s  front=579.0m  peak excess=843.6K  (4.8s)
    t=350.002s  front=678.0m  peak excess=834.2K  (4.9s)
    t=375.002s  front=859.0m  peak excess=828.8K  (5.0s)
    t=400.002s  front=1105.0m  peak excess=817.2K  (4.7s)
  selected stages:
    10%: t=290.002s  front=385.0m
    30%: t=335.002s  front=579.0m
    50%: t=350.002s  front=678.0m
    70%: t=375.002s  front=859.0m
    90%: t=400.002s  front=1105.0m
  p10: t=290.002s  front=385.0m
      crop x=288.0..479.0  z=42.0..233.5  headroom=131.9m
      cloud read: 51.5s
      saved 0.64 MiB; preprocess 0.14s
  p30: t=335.002s  front=579.0m
      crop x=480.0..671.0  z=96.0..287.5  headroom=134.5m
      cloud read: 58.5s
      saved 0.64 MiB; preprocess 0.13s
  p50: t=350.002s  front=678.0m
      crop x=582.0..773.0  z=126.0..317.5  headroom=137.2m
      cloud read: 107.5s
      saved 0.64 MiB; preprocess 0.14s
  p70: t=375.002s  front=859.0m
      crop x=762.0..953.0  z=174.0..365.5  headroom=136.9m
      cloud read: 130.8s
      saved 0.64 MiB; preprocess 0.13s
  p90: t=400.002s  front=1105.0m
      crop x=1008.0..1199.0  z=240.0..431.5  headroom=137.0m
      cloud read: 63.4s
      saved 0.64 MiB; preprocess 0.14s
  CASE TIME: 7.7 min

========================================================================
CASE 73/117: u16/ramp17.5  [val]
========================================================================
  scouting progression...
    t=260.002s  front=302.0m  peak excess=893.6K  (5.0s)
    t=275.002s  front=336.0m  peak excess=864.3K  (4.9s)
    t=290.002s  front=381.0m  peak excess=824.6K  (4.9s)
    t=305.002s  front=427.0m  peak excess=821.6K  (4.8s)
    t=320.002s  front=492.0m  peak excess=829.7K  (4.8s)
    t=335.002s  front=576.0m  peak excess=815.1K  (4.8s)
    t=350.002s  front=668.0m  peak excess=810.3K  (4.7s)
    t=375.002s  front=871.0m  peak excess=801.2K  (4.9s)
    t=400.002s  front=1101.0m  peak excess=820.9K  (4.8s)
  selected stages:
    10%: t=290.002s  front=381.0m
    30%: t=335.002s  front=576.0m
    50%: t=350.002s  front=668.0m
    70%: t=375.002s  front=871.0m
    90%: t=400.002s  front=1101.0m
  p10: t=290.002s  front=381.0m
      crop x=282.0..473.0  z=54.0..245.5  headroom=127.9m
      cloud read: 67.3s
      saved 0.64 MiB; preprocess 0.14s
  p30: t=335.002s  front=576.0m
      crop x=480.0..671.0  z=114.0..305.5  headroom=125.5m
      cloud read: 66.6s
      saved 0.64 MiB; preprocess 0.14s
  p50: t=350.002s  front=668.0m
      crop x=570.0..761.0  z=144.0..335.5  headroom=127.1m
      cloud read: 66.4s
      saved 0.64 MiB; preprocess 0.14s
  p70: t=375.002s  front=871.0m
      crop x=774.0..965.0  z=210.0..401.5  headroom=128.8m
      cloud read: 66.8s
      saved 0.64 MiB; preprocess 0.14s
  p90: t=400.002s  front=1101.0m
      crop x=1002.0..1193.0  z=276.0..467.5  headroom=122.9m
      cloud read: 71.9s
      saved 0.64 MiB; preprocess 0.14s
  CASE TIME: 6.5 min

========================================================================
CASE 74/117: u16/ramp20  [train]
========================================================================
  scouting progression...
    t=260.002s  front=302.0m  peak excess=966.6K  (5.0s)
    t=275.002s  front=302.0m  peak excess=959.9K  (5.1s)
    t=290.002s  front=395.0m  peak excess=838.8K  (4.8s)
    t=305.002s  front=450.0m  peak excess=828.5K  (5.1s)
    t=320.002s  front=515.0m  peak excess=819.9K  (5.1s)
    t=335.002s  front=623.0m  peak excess=821.5K  (4.8s)
    t=350.002s  front=726.0m  peak excess=819.3K  (5.0s)
    t=375.002s  front=924.0m  peak excess=819.8K  (4.8s)
    t=400.002s  front=1104.0m  peak excess=922.6K  (5.0s)
  selected stages:
    10%: t=290.002s  front=395.0m
    30%: t=320.002s  front=515.0m
    50%: t=350.002s  front=726.0m
    70%: t=375.002s  front=924.0m
    90%: t=400.002s  front=1104.0m
  p10: t=290.002s  front=395.0m
      crop x=294.0..485.0  z=66.0..257.5  headroom=117.4m
      cloud read: 66.3s
      saved 0.64 MiB; preprocess 0.14s
  p30: t=320.002s  front=515.0m
      crop x=414.0..605.0  z=108.0..299.5  headroom=115.7m
      cloud read: 65.9s
      saved 0.64 MiB; preprocess 0.14s
  p50: t=350.002s  front=726.0m
      crop x=630.0..821.0  z=186.0..377.5  headroom=115.1m
      cloud read: 129.4s
      saved 0.64 MiB; preprocess 0.14s
  p70: t=375.002s  front=924.0m
      crop x=828.0..1019.0  z=258.0..449.5  headroom=115.0m
      cloud read: 70.3s
      saved 0.64 MiB; preprocess 0.14s
  p90: t=400.002s  front=1104.0m
      crop x=1008.0..1199.0  z=324.0..515.5  headroom=115.5m
      cloud read: 68.2s
      saved 0.64 MiB; preprocess 0.14s
  CASE TIME: 7.5 min

========================================================================
CASE 75/117: u16/ramp22.5  [train]
========================================================================
  scouting progression...
    t=260.002s  front=302.0m  peak excess=975.3K  (5.0s)
    t=275.002s  front=346.0m  peak excess=957.9K  (5.2s)
    t=290.002s  front=393.0m  peak excess=872.3K  (4.7s)
    t=305.002s  front=460.0m  peak excess=821.7K  (4.9s)
    t=320.002s  front=530.0m  peak excess=822.5K  (5.2s)
    t=335.002s  front=603.0m  peak excess=818.8K  (4.7s)
    t=350.002s  front=725.0m  peak excess=814.2K  (4.8s)
    t=375.002s  front=906.0m  peak excess=838.1K  (5.0s)
    t=400.002s  front=1105.0m  peak excess=901.9K  (5.1s)
  selected stages:
    10%: t=290.002s  front=393.0m
    30%: t=320.002s  front=530.0m
    50%: t=350.002s  front=725.0m
    70%: t=375.002s  front=906.0m
    90%: t=400.002s  front=1105.0m
  p10: t=290.002s  front=393.0m
      crop x=294.0..485.0  z=72.0..263.5  headroom=104.0m
      cloud read: 66.2s
      saved 0.64 MiB; preprocess 0.14s
  p30: t=320.002s  front=530.0m
      crop x=432.0..623.0  z=132.0..323.5  headroom=106.9m
      cloud read: 68.2s
      saved 0.64 MiB; preprocess 0.14s
  p50: t=350.002s  front=725.0m
      crop x=624.0..815.0  z=210.0..401.5  headroom=105.3m
      cloud read: 138.6s
      saved 0.64 MiB; preprocess 0.14s
  p70: t=375.002s  front=906.0m
      crop x=810.0..1001.0  z=288.0..479.5  headroom=106.3m
      cloud read: 74.8s
      saved 0.64 MiB; preprocess 0.14s
  p90: t=400.002s  front=1105.0m
      crop x=1008.0..1199.0  z=372.0..563.5  headroom=108.3m
      cloud read: 80.3s
      saved 0.64 MiB; preprocess 0.14s
  CASE TIME: 8.0 min

========================================================================
CASE 76/117: u16/ramp25  [test]
========================================================================
  scouting progression...
    t=260.002s  front=302.0m  peak excess=946.4K  (5.3s)
    t=275.002s  front=348.0m  peak excess=934.3K  (5.0s)
    t=290.002s  front=407.0m  peak excess=853.1K  (4.7s)
    t=305.002s  front=452.0m  peak excess=802.4K  (5.2s)
    t=320.002s  front=526.0m  peak excess=809.5K  (5.0s)
    t=335.002s  front=645.0m  peak excess=805.8K  (5.1s)
    t=350.002s  front=734.0m  peak excess=806.3K  (5.0s)
    t=375.002s  front=1001.0m  peak excess=823.0K  (5.0s)
    t=400.002s  front=1105.0m  peak excess=863.0K  (5.2s)
  selected stages:
    10%: t=290.002s  front=407.0m
    30%: t=320.002s  front=526.0m
    50%: t=335.002s  front=645.0m
    70%: t=350.002s  front=734.0m
    90%: t=375.002s  front=1001.0m
  p10: t=290.002s  front=407.0m
      crop x=306.0..497.0  z=90.0..281.5  headroom=96.4m
      cloud read: 77.7s
      saved 0.64 MiB; preprocess 0.14s
  p30: t=320.002s  front=526.0m
      crop x=426.0..617.0  z=144.0..335.5  headroom=94.4m
      cloud read: 69.2s
      saved 0.64 MiB; preprocess 0.14s
  p50: t=335.002s  front=645.0m
      crop x=546.0..737.0  z=204.0..395.5  headroom=98.5m
      cloud read: 76.6s
      saved 0.64 MiB; preprocess 0.14s
  p70: t=350.002s  front=734.0m
      crop x=636.0..827.0  z=246.0..437.5  headroom=98.5m
      cloud read: 152.1s
      saved 0.64 MiB; preprocess 0.14s
  p90: t=375.002s  front=1001.0m
      crop x=900.0..1091.0  z=366.0..557.5  headroom=95.4m
      cloud read: 73.6s
      saved 0.64 MiB; preprocess 0.14s
  CASE TIME: 8.3 min

========================================================================
CASE 77/117: u16/ramp27.5  [train]
========================================================================
  scouting progression...
    t=260.002s  front=302.0m  peak excess=1054.5K  (4.9s)
    t=275.002s  front=374.0m  peak excess=975.2K  (4.9s)
    t=290.002s  front=423.0m  peak excess=905.1K  (4.8s)
    t=305.002s  front=495.0m  peak excess=860.1K  (5.0s)
    t=320.002s  front=568.0m  peak excess=856.5K  (4.9s)
    t=335.002s  front=714.0m  peak excess=869.7K  (4.8s)
    t=350.002s  front=860.0m  peak excess=870.7K  (4.8s)
    t=375.002s  front=1103.0m  peak excess=946.1K  (4.8s)
    t=400.002s  front=1105.0m  peak excess=896.5K  (4.7s)
  selected stages:
    10%: t=275.002s  front=374.0m
    30%: t=320.002s  front=568.0m
    50%: t=335.002s  front=714.0m
    70%: t=350.002s  front=860.0m
    90%: t=375.002s  front=1103.0m
  p10: t=275.002s  front=374.0m
      crop x=276.0..467.0  z=84.0..275.5  headroom=84.5m
      cloud read: 68.4s
      saved 0.64 MiB; preprocess 0.14s
  p30: t=320.002s  front=568.0m
      crop x=468.0..659.0  z=186.0..377.5  headroom=86.5m
      cloud read: 65.9s
      saved 0.64 MiB; preprocess 0.14s
  p50: t=335.002s  front=714.0m
      crop x=618.0..809.0  z=264.0..455.5  headroom=86.4m
      cloud read: 138.7s
      saved 0.64 MiB; preprocess 0.14s
  p70: t=350.002s  front=860.0m
      crop x=762.0..953.0  z=342.0..533.5  headroom=89.5m
      cloud read: 137.8s
      saved 0.64 MiB; preprocess 0.14s
  p90: t=375.002s  front=1103.0m
      crop x=1002.0..1193.0  z=462.0..653.5  headroom=84.5m
      cloud read: 64.6s
      saved 0.64 MiB; preprocess 0.14s
  CASE TIME: 8.7 min

========================================================================
CASE 78/117: u16/ramp30  [train]
========================================================================
  scouting progression...
    t=260.002s  front=302.0m  peak excess=1006.8K  (4.8s)
    t=275.002s  front=365.0m  peak excess=956.4K  (5.1s)
    t=290.002s  front=423.0m  peak excess=892.9K  (4.9s)
    t=305.002s  front=488.0m  peak excess=832.1K  (5.4s)
    t=320.002s  front=578.0m  peak excess=832.5K  (5.1s)
    t=335.002s  front=714.0m  peak excess=824.1K  (4.8s)
    t=350.002s  front=824.0m  peak excess=844.7K  (4.9s)
    t=375.002s  front=1102.0m  peak excess=844.3K  (5.1s)
    t=400.002s  front=1105.0m  peak excess=880.6K  (4.7s)
  selected stages:
    10%: t=275.002s  front=365.0m
    30%: t=320.002s  front=578.0m
    50%: t=335.002s  front=714.0m
    70%: t=350.002s  front=824.0m
    90%: t=375.002s  front=1102.0m
  p10: t=275.002s  front=365.0m
      crop x=264.0..455.0  z=90.0..281.5  headroom=76.5m
      cloud read: 74.5s
      saved 0.64 MiB; preprocess 0.14s
  p30: t=320.002s  front=578.0m
      crop x=480.0..671.0  z=216.0..407.5  headroom=77.8m
      cloud read: 66.3s
      saved 0.64 MiB; preprocess 0.14s
  p50: t=335.002s  front=714.0m
      crop x=618.0..809.0  z=294.0..485.5  headroom=76.2m
      cloud read: 130.3s
      saved 0.64 MiB; preprocess 0.14s
  p70: t=350.002s  front=824.0m
      crop x=726.0..917.0  z=354.0..545.5  headroom=73.8m
      cloud read: 129.6s
      saved 0.64 MiB; preprocess 0.14s
  p90: t=375.002s  front=1102.0m
      crop x=1002.0..1193.0  z=516.0..707.5  headroom=76.5m
      cloud read: 70.2s
      saved 0.64 MiB; preprocess 0.14s
  CASE TIME: 8.7 min

========================================================================
CASE 79/117: u18/ramp0  [train]
========================================================================
  scouting progression...
    t=260.002s  front=302.0m  peak excess=820.1K  (5.4s)
    t=275.002s  front=320.0m  peak excess=791.8K  (5.3s)
    t=290.002s  front=338.0m  peak excess=778.3K  (6.0s)
    t=305.002s  front=359.0m  peak excess=752.7K  (5.9s)
    t=320.002s  front=383.0m  peak excess=706.2K  (5.5s)
    t=335.002s  front=426.0m  peak excess=700.7K  (5.7s)
    t=350.002s  front=466.0m  peak excess=710.5K  (5.4s)
    t=375.002s  front=555.0m  peak excess=718.3K  (5.3s)
    t=400.002s  front=676.0m  peak excess=698.7K  (5.3s)
    t=450.002s  front=858.0m  peak excess=689.6K  (5.5s)
    t=500.002s  front=1068.0m  peak excess=698.2K  (5.9s)
    t=550.002s  front=1299.0m  peak excess=697.7K  (5.2s)
    t=600.002s  front=314.0m  peak excess=693.3K  (5.8s)
    t=650.002s  front=322.0m  peak excess=1002.9K  (5.3s)
    t=725.002s  front=316.0m  peak excess=1175.6K  (5.3s)
    t=800.002s  front=316.0m  peak excess=1239.9K  (5.4s)
  selected stages:
    10%: t=320.002s  front=383.0m
    30%: t=375.002s  front=555.0m
    50%: t=450.002s  front=858.0m
    70%: t=500.002s  front=1068.0m
    90%: t=550.002s  front=1299.0m
  p10: t=320.002s  front=383.0m
      crop x=282.0..473.0  z=0.0..191.5  headroom=191.5m
      cloud read: 65.0s
      saved 0.64 MiB; preprocess 0.14s
  p30: t=375.002s  front=555.0m
      crop x=456.0..647.0  z=0.0..191.5  headroom=191.5m
      cloud read: 68.6s
      saved 0.64 MiB; preprocess 0.13s
  p50: t=450.002s  front=858.0m
      crop x=762.0..953.0  z=0.0..191.5  headroom=191.5m
      cloud read: 127.7s
      saved 0.64 MiB; preprocess 0.14s
  p70: t=500.002s  front=1068.0m
      crop x=972.0..1163.0  z=0.0..191.5  headroom=191.5m
      cloud read: 68.1s
      saved 0.64 MiB; preprocess 0.14s
  p90: t=550.002s  front=1299.0m
      crop x=1200.0..1391.0  z=0.0..191.5  headroom=191.5m
      cloud read: 64.1s
      saved 0.64 MiB; preprocess 0.14s
  CASE TIME: 8.1 min

========================================================================
CASE 80/117: u18/ramp2.5  [train]
========================================================================
  scouting progression...
    t=260.002s  front=302.0m  peak excess=912.6K  (5.1s)
    t=275.002s  front=323.0m  peak excess=875.1K  (5.6s)
    t=290.002s  front=347.0m  peak excess=891.5K  (5.1s)
    t=305.002s  front=380.0m  peak excess=899.3K  (5.3s)
    t=320.002s  front=426.0m  peak excess=927.9K  (5.4s)
    t=335.002s  front=483.0m  peak excess=862.8K  (5.1s)
    t=350.002s  front=552.0m  peak excess=882.5K  (5.2s)
    t=375.002s  front=678.0m  peak excess=888.5K  (5.3s)
    t=400.002s  front=838.0m  peak excess=874.1K  (5.2s)
  selected stages:
    10%: t=290.002s  front=347.0m
    30%: t=335.002s  front=483.0m
    50%: t=350.002s  front=552.0m
    70%: t=375.002s  front=678.0m
    90%: t=400.002s  front=838.0m
  p10: t=290.002s  front=347.0m
      crop x=246.0..437.0  z=0.0..191.5  headroom=176.8m
      cloud read: 63.0s
      saved 0.64 MiB; preprocess 0.13s
  p30: t=335.002s  front=483.0m
      crop x=384.0..575.0  z=6.0..197.5  headroom=176.8m
      cloud read: 72.1s
      saved 0.64 MiB; preprocess 0.14s
  p50: t=350.002s  front=552.0m
      crop x=456.0..647.0  z=12.0..203.5  headroom=179.6m
      cloud read: 70.6s
      saved 0.64 MiB; preprocess 0.14s
  p70: t=375.002s  front=678.0m
      crop x=582.0..773.0  z=18.0..209.5  headroom=180.1m
      cloud read: 129.0s
      saved 0.64 MiB; preprocess 0.14s
  p90: t=400.002s  front=838.0m
      crop x=738.0..929.0  z=24.0..215.5  headroom=179.3m
      cloud read: 137.6s
      saved 0.64 MiB; preprocess 0.14s
  CASE TIME: 8.7 min

========================================================================
CASE 81/117: u18/ramp5  [val]
========================================================================
  scouting progression...
    t=260.002s  front=302.0m  peak excess=921.0K  (5.2s)
    t=275.002s  front=328.0m  peak excess=900.3K  (5.7s)
    t=290.002s  front=351.0m  peak excess=839.8K  (5.2s)
    t=305.002s  front=391.0m  peak excess=866.0K  (5.3s)
    t=320.002s  front=431.0m  peak excess=880.0K  (5.6s)
    t=335.002s  front=511.0m  peak excess=855.5K  (5.0s)
    t=350.002s  front=608.0m  peak excess=850.5K  (5.1s)
    t=375.002s  front=728.0m  peak excess=837.5K  (5.3s)
    t=400.002s  front=871.0m  peak excess=838.7K  (5.3s)
  selected stages:
    10%: t=290.002s  front=351.0m
    30%: t=335.002s  front=511.0m
    50%: t=350.002s  front=608.0m
    70%: t=375.002s  front=728.0m
    90%: t=400.002s  front=871.0m
  p10: t=290.002s  front=351.0m
      crop x=252.0..443.0  z=6.0..197.5  headroom=167.5m
      cloud read: 66.2s
      saved 0.64 MiB; preprocess 0.13s
  p30: t=335.002s  front=511.0m
      crop x=414.0..605.0  z=24.0..215.5  headroom=171.3m
      cloud read: 67.4s
      saved 0.64 MiB; preprocess 0.14s
  p50: t=350.002s  front=608.0m
      crop x=510.0..701.0  z=30.0..221.5  headroom=168.9m
      cloud read: 65.3s
      saved 0.64 MiB; preprocess 0.14s
  p70: t=375.002s  front=728.0m
      crop x=630.0..821.0  z=42.0..233.5  headroom=170.4m
      cloud read: 127.9s
      saved 0.64 MiB; preprocess 0.13s
  p90: t=400.002s  front=871.0m
      crop x=774.0..965.0  z=54.0..245.5  headroom=169.8m
      cloud read: 69.9s
      saved 0.64 MiB; preprocess 0.14s
  CASE TIME: 7.5 min

========================================================================
CASE 82/117: u18/ramp7.5  [train]
========================================================================
  scouting progression...
    t=260.002s  front=302.0m  peak excess=932.6K  (5.2s)
    t=275.002s  front=333.0m  peak excess=919.9K  (5.1s)
    t=290.002s  front=356.0m  peak excess=834.1K  (5.5s)
    t=305.002s  front=409.0m  peak excess=850.3K  (5.1s)
    t=320.002s  front=466.0m  peak excess=878.4K  (5.6s)
    t=335.002s  front=538.0m  peak excess=862.6K  (5.4s)
    t=350.002s  front=614.0m  peak excess=844.6K  (5.2s)
    t=375.002s  front=747.0m  peak excess=824.3K  (4.9s)
    t=400.002s  front=876.0m  peak excess=822.1K  (5.3s)
  selected stages:
    10%: t=290.002s  front=356.0m
    30%: t=320.002s  front=466.0m
    50%: t=350.002s  front=614.0m
    70%: t=375.002s  front=747.0m
    90%: t=400.002s  front=876.0m
  p10: t=290.002s  front=356.0m
      crop x=258.0..449.0  z=18.0..209.5  headroom=163.6m
      cloud read: 63.7s
      saved 0.64 MiB; preprocess 0.14s
  p30: t=320.002s  front=466.0m
      crop x=366.0..557.0  z=30.0..221.5  headroom=161.3m
      cloud read: 67.1s
      saved 0.64 MiB; preprocess 0.13s
  p50: t=350.002s  front=614.0m
      crop x=516.0..707.0  z=48.0..239.5  headroom=159.6m
      cloud read: 69.4s
      saved 0.64 MiB; preprocess 0.14s
  p70: t=375.002s  front=747.0m
      crop x=648.0..839.0  z=66.0..257.5  headroom=160.2m
      cloud read: 139.7s
      saved 0.64 MiB; preprocess 0.13s
  p90: t=400.002s  front=876.0m
      crop x=780.0..971.0  z=84.0..275.5  headroom=160.8m
      cloud read: 67.0s
      saved 0.64 MiB; preprocess 0.13s
  CASE TIME: 7.6 min

========================================================================
CASE 83/117: u18/ramp10  [train]
========================================================================
  scouting progression...
    t=260.002s  front=302.0m  peak excess=991.5K  (6.7s)
    t=275.002s  front=332.0m  peak excess=963.5K  (5.9s)
    t=290.002s  front=366.0m  peak excess=854.3K  (4.8s)
    t=305.002s  front=417.0m  peak excess=873.0K  (4.9s)
    t=320.002s  front=468.0m  peak excess=874.2K  (5.0s)
    t=335.002s  front=556.0m  peak excess=865.8K  (4.9s)
    t=350.002s  front=658.0m  peak excess=850.8K  (4.9s)
    t=375.002s  front=797.0m  peak excess=842.5K  (4.8s)
    t=400.002s  front=916.0m  peak excess=848.3K  (5.8s)
  selected stages:
    10%: t=290.002s  front=366.0m
    30%: t=320.002s  front=468.0m
    50%: t=350.002s  front=658.0m
    70%: t=375.002s  front=797.0m
    90%: t=400.002s  front=916.0m
  p10: t=290.002s  front=366.0m
      crop x=270.0..461.0  z=24.0..215.5  headroom=151.8m
      cloud read: 65.8s
      saved 0.64 MiB; preprocess 0.14s
  p30: t=320.002s  front=468.0m
      crop x=372.0..563.0  z=42.0..233.5  headroom=151.9m
      cloud read: 65.0s
      saved 0.64 MiB; preprocess 0.14s
  p50: t=350.002s  front=658.0m
      crop x=558.0..749.0  z=78.0..269.5  headroom=155.1m
      cloud read: 67.4s
      saved 0.64 MiB; preprocess 0.14s
  p70: t=375.002s  front=797.0m
      crop x=696.0..887.0  z=102.0..293.5  headroom=154.7m
      cloud read: 121.1s
      saved 0.64 MiB; preprocess 0.14s
  p90: t=400.002s  front=916.0m
      crop x=816.0..1007.0  z=120.0..311.5  headroom=151.6m
      cloud read: 64.9s
      saved 0.64 MiB; preprocess 0.14s
  CASE TIME: 7.3 min

========================================================================
CASE 84/117: u18/ramp12.5  [test]
========================================================================
  scouting progression...
    t=260.002s  front=302.0m  peak excess=901.7K  (5.0s)
    t=275.002s  front=342.0m  peak excess=895.4K  (5.5s)
    t=290.002s  front=378.0m  peak excess=824.8K  (4.9s)
    t=305.002s  front=412.0m  peak excess=838.0K  (5.0s)
    t=320.002s  front=484.0m  peak excess=846.3K  (4.9s)
    t=335.002s  front=572.0m  peak excess=846.3K  (4.9s)
    t=350.002s  front=669.0m  peak excess=821.0K  (5.1s)
    t=375.002s  front=820.0m  peak excess=829.6K  (5.2s)
    t=400.002s  front=996.0m  peak excess=823.9K  (5.0s)
  selected stages:
    10%: t=290.002s  front=378.0m
    30%: t=320.002s  front=484.0m
    50%: t=350.002s  front=669.0m
    70%: t=375.002s  front=820.0m
    90%: t=400.002s  front=996.0m
  p10: t=290.002s  front=378.0m
      crop x=282.0..473.0  z=36.0..227.5  headroom=144.8m
      cloud read: 66.3s
      saved 0.64 MiB; preprocess 0.14s
  p30: t=320.002s  front=484.0m
      crop x=384.0..575.0  z=60.0..251.5  headroom=146.2m
      cloud read: 59.7s
      saved 0.64 MiB; preprocess 0.14s
  p50: t=350.002s  front=669.0m
      crop x=570.0..761.0  z=96.0..287.5  headroom=141.0m
      cloud read: 65.4s
      saved 0.64 MiB; preprocess 0.14s
  p70: t=375.002s  front=820.0m
      crop x=720.0..911.0  z=132.0..323.5  headroom=143.7m
      cloud read: 113.5s
      saved 0.64 MiB; preprocess 0.14s
  p90: t=400.002s  front=996.0m
      crop x=900.0..1091.0  z=174.0..365.5  headroom=145.8m
      cloud read: 66.2s
      saved 0.64 MiB; preprocess 0.14s
  CASE TIME: 7.0 min

========================================================================
CASE 85/117: u18/ramp15  [train]
========================================================================
  scouting progression...
    t=260.002s  front=302.0m  peak excess=1040.4K  (5.0s)
    t=275.002s  front=342.0m  peak excess=995.6K  (4.8s)
    t=290.002s  front=385.0m  peak excess=870.9K  (4.9s)
    t=305.002s  front=426.0m  peak excess=844.9K  (5.0s)
    t=320.002s  front=495.0m  peak excess=861.3K  (4.9s)
    t=335.002s  front=607.0m  peak excess=843.9K  (4.8s)
    t=350.002s  front=719.0m  peak excess=828.0K  (4.9s)
    t=375.002s  front=913.0m  peak excess=846.5K  (4.7s)
    t=400.002s  front=1105.0m  peak excess=842.1K  (5.1s)
  selected stages:
    10%: t=290.002s  front=385.0m
    30%: t=320.002s  front=495.0m
    50%: t=350.002s  front=719.0m
    70%: t=375.002s  front=913.0m
    90%: t=400.002s  front=1105.0m
  p10: t=290.002s  front=385.0m
      crop x=288.0..479.0  z=42.0..233.5  headroom=131.9m
      cloud read: 61.9s
      saved 0.64 MiB; preprocess 0.14s
  p30: t=320.002s  front=495.0m
      crop x=396.0..587.0  z=72.0..263.5  headroom=133.0m
      cloud read: 59.8s
      saved 0.64 MiB; preprocess 0.14s
  p50: t=350.002s  front=719.0m
      crop x=618.0..809.0  z=132.0..323.5  headroom=133.5m
      cloud read: 132.5s
      saved 0.64 MiB; preprocess 0.14s
  p70: t=375.002s  front=913.0m
      crop x=816.0..1007.0  z=186.0..377.5  headroom=134.5m
      cloud read: 64.3s
      saved 0.64 MiB; preprocess 0.14s
  p90: t=400.002s  front=1105.0m
      crop x=1008.0..1199.0  z=240.0..431.5  headroom=137.0m
      cloud read: 63.9s
      saved 0.64 MiB; preprocess 0.13s
  CASE TIME: 7.2 min

========================================================================
CASE 86/117: u18/ramp17.5  [train]
========================================================================
  scouting progression...
    t=260.002s  front=302.0m  peak excess=927.3K  (4.9s)
    t=275.002s  front=354.0m  peak excess=889.0K  (5.2s)
    t=290.002s  front=400.0m  peak excess=840.0K  (4.9s)
    t=305.002s  front=446.0m  peak excess=825.9K  (4.9s)
    t=320.002s  front=511.0m  peak excess=845.2K  (5.0s)
    t=335.002s  front=622.0m  peak excess=828.0K  (5.0s)
    t=350.002s  front=714.0m  peak excess=832.0K  (4.8s)
    t=375.002s  front=936.0m  peak excess=824.6K  (5.3s)
    t=400.002s  front=1106.0m  peak excess=899.3K  (4.8s)
  selected stages:
    10%: t=290.002s  front=400.0m
    30%: t=320.002s  front=511.0m
    50%: t=350.002s  front=714.0m
    70%: t=375.002s  front=936.0m
    90%: t=400.002s  front=1106.0m
  p10: t=290.002s  front=400.0m
      crop x=300.0..491.0  z=60.0..251.5  headroom=128.2m
      cloud read: 59.6s
      saved 0.64 MiB; preprocess 0.14s
  p30: t=320.002s  front=511.0m
      crop x=414.0..605.0  z=96.0..287.5  headroom=128.3m
      cloud read: 66.3s
      saved 0.64 MiB; preprocess 0.14s
  p50: t=350.002s  front=714.0m
      crop x=618.0..809.0  z=156.0..347.5  headroom=124.0m
      cloud read: 124.8s
      saved 0.64 MiB; preprocess 0.14s
  p70: t=375.002s  front=936.0m
      crop x=840.0..1031.0  z=228.0..419.5  headroom=126.0m
      cloud read: 61.9s
      saved 0.64 MiB; preprocess 0.14s
  p90: t=400.002s  front=1106.0m
      crop x=1008.0..1199.0  z=282.0..473.5  headroom=127.0m
      cloud read: 62.8s
      saved 0.64 MiB; preprocess 0.14s
  CASE TIME: 7.1 min

========================================================================
CASE 87/117: u18/ramp20  [train]
========================================================================
  scouting progression...
    t=260.002s  front=302.0m  peak excess=1017.9K  (5.0s)
    t=275.002s  front=358.0m  peak excess=978.2K  (5.0s)
    t=290.002s  front=410.0m  peak excess=834.6K  (4.8s)
    t=305.002s  front=472.0m  peak excess=833.3K  (4.9s)
    t=320.002s  front=564.0m  peak excess=833.7K  (5.0s)
    t=335.002s  front=651.0m  peak excess=837.4K  (5.0s)
    t=350.002s  front=787.0m  peak excess=831.1K  (5.0s)
    t=375.002s  front=1101.0m  peak excess=826.1K  (5.0s)
    t=400.002s  front=1105.0m  peak excess=907.7K  (4.8s)
  selected stages:
    10%: t=275.002s  front=358.0m
    30%: t=320.002s  front=564.0m
    50%: t=335.002s  front=651.0m
    70%: t=350.002s  front=787.0m
    90%: t=375.002s  front=1101.0m
  p10: t=275.002s  front=358.0m
      crop x=258.0..449.0  z=54.0..245.5  headroom=118.5m
      cloud read: 66.1s
      saved 0.64 MiB; preprocess 0.14s
  p30: t=320.002s  front=564.0m
      crop x=468.0..659.0  z=126.0..317.5  headroom=114.0m
      cloud read: 58.2s
      saved 0.64 MiB; preprocess 0.14s
  p50: t=335.002s  front=651.0m
      crop x=552.0..743.0  z=162.0..353.5  headroom=119.5m
      cloud read: 63.7s
      saved 0.64 MiB; preprocess 0.14s
  p70: t=350.002s  front=787.0m
      crop x=690.0..881.0  z=210.0..401.5  headroom=117.2m
      cloud read: 125.3s
      saved 0.64 MiB; preprocess 0.14s
  p90: t=375.002s  front=1101.0m
      crop x=1002.0..1193.0  z=324.0..515.5  headroom=117.7m
      cloud read: 64.9s
      saved 0.64 MiB; preprocess 0.14s
  CASE TIME: 7.1 min

========================================================================
CASE 88/117: u18/ramp22.5  [val]
========================================================================
  scouting progression...
    t=260.002s  front=302.0m  peak excess=1038.0K  (4.9s)
    t=275.002s  front=358.0m  peak excess=993.8K  (4.9s)
    t=290.002s  front=419.0m  peak excess=890.2K  (4.9s)
    t=305.002s  front=469.0m  peak excess=820.5K  (4.7s)
    t=320.002s  front=556.0m  peak excess=834.2K  (5.0s)
    t=335.002s  front=661.0m  peak excess=830.2K  (5.0s)
    t=350.002s  front=833.0m  peak excess=824.4K  (4.8s)
    t=375.002s  front=1101.0m  peak excess=842.9K  (4.8s)
    t=400.002s  front=1105.0m  peak excess=908.1K  (4.8s)
  selected stages:
    10%: t=275.002s  front=358.0m
    30%: t=320.002s  front=556.0m
    50%: t=335.002s  front=661.0m
    70%: t=350.002s  front=833.0m
    90%: t=375.002s  front=1101.0m
  p10: t=275.002s  front=358.0m
      crop x=258.0..449.0  z=60.0..251.5  headroom=106.9m
      cloud read: 62.7s
      saved 0.64 MiB; preprocess 0.14s
  p30: t=320.002s  front=556.0m
      crop x=456.0..647.0  z=144.0..335.5  headroom=108.9m
      cloud read: 64.9s
      saved 0.64 MiB; preprocess 0.14s
  p50: t=335.002s  front=661.0m
      crop x=564.0..755.0  z=186.0..377.5  headroom=106.2m
      cloud read: 63.4s
      saved 0.64 MiB; preprocess 0.14s
  p70: t=350.002s  front=833.0m
      crop x=732.0..923.0  z=258.0..449.5  headroom=108.6m
      cloud read: 135.5s
      saved 0.64 MiB; preprocess 0.14s
  p90: t=375.002s  front=1101.0m
      crop x=1002.0..1193.0  z=366.0..557.5  headroom=104.8m
      cloud read: 60.9s
      saved 0.64 MiB; preprocess 0.14s
  CASE TIME: 7.3 min

========================================================================
CASE 89/117: u18/ramp25  [train]
========================================================================
  scouting progression...
    t=260.002s  front=302.0m  peak excess=1006.9K  (4.9s)
    t=275.002s  front=363.0m  peak excess=976.6K  (4.9s)
    t=290.002s  front=422.0m  peak excess=860.7K  (5.0s)
    t=305.002s  front=481.0m  peak excess=825.9K  (5.0s)
    t=320.002s  front=585.0m  peak excess=818.5K  (5.1s)
    t=335.002s  front=689.0m  peak excess=798.6K  (5.3s)
    t=350.002s  front=808.0m  peak excess=822.3K  (4.9s)
    t=375.002s  front=1099.0m  peak excess=819.7K  (4.8s)
    t=400.002s  front=1105.0m  peak excess=888.4K  (5.0s)
  selected stages:
    10%: t=275.002s  front=363.0m
    30%: t=320.002s  front=585.0m
    50%: t=335.002s  front=689.0m
    70%: t=350.002s  front=808.0m
    90%: t=375.002s  front=1099.0m
  p10: t=275.002s  front=363.0m
      crop x=264.0..455.0  z=72.0..263.5  headroom=98.0m
      cloud read: 64.7s
      saved 0.64 MiB; preprocess 0.14s
  p30: t=320.002s  front=585.0m
      crop x=486.0..677.0  z=174.0..365.5  headroom=96.4m
      cloud read: 62.0s
      saved 0.64 MiB; preprocess 0.14s
  p50: t=335.002s  front=689.0m
      crop x=588.0..779.0  z=222.0..413.5  headroom=96.9m
      cloud read: 131.5s
      saved 0.64 MiB; preprocess 0.14s
  p70: t=350.002s  front=808.0m
      crop x=708.0..899.0  z=276.0..467.5  headroom=94.9m
      cloud read: 134.8s
      saved 0.64 MiB; preprocess 0.14s
  p90: t=375.002s  front=1099.0m
      crop x=1002.0..1193.0  z=414.0..605.5  headroom=95.8m
      cloud read: 71.3s
      saved 0.64 MiB; preprocess 0.14s
  CASE TIME: 8.6 min

========================================================================
CASE 90/117: u18/ramp27.5  [train]
========================================================================
  scouting progression...
    t=260.002s  front=302.0m  peak excess=1091.3K  (4.9s)
    t=275.002s  front=374.0m  peak excess=1005.3K  (5.1s)
    t=290.002s  front=423.0m  peak excess=892.5K  (4.9s)
    t=305.002s  front=495.0m  peak excess=915.9K  (4.9s)
    t=320.002s  front=617.0m  peak excess=869.0K  (5.0s)
    t=335.002s  front=739.0m  peak excess=881.7K  (4.8s)
    t=350.002s  front=860.0m  peak excess=851.7K  (4.8s)
    t=375.002s  front=1103.0m  peak excess=874.3K  (4.8s)
    t=400.002s  front=1105.0m  peak excess=887.0K  (4.8s)
  selected stages:
    10%: t=275.002s  front=374.0m
    30%: t=305.002s  front=495.0m
    50%: t=335.002s  front=739.0m
    70%: t=350.002s  front=860.0m
    90%: t=375.002s  front=1103.0m
  p10: t=275.002s  front=374.0m
      crop x=276.0..467.0  z=84.0..275.5  headroom=84.5m
      cloud read: 60.9s
      saved 0.64 MiB; preprocess 0.14s
  p30: t=305.002s  front=495.0m
      crop x=396.0..587.0  z=150.0..341.5  headroom=88.0m
      cloud read: 68.9s
      saved 0.64 MiB; preprocess 0.14s
  p50: t=335.002s  front=739.0m
      crop x=642.0..833.0  z=276.0..467.5  headroom=85.9m
      cloud read: 131.6s
      saved 0.64 MiB; preprocess 0.14s
  p70: t=350.002s  front=860.0m
      crop x=762.0..953.0  z=342.0..533.5  headroom=89.5m
      cloud read: 132.3s
      saved 0.64 MiB; preprocess 0.14s
  p90: t=375.002s  front=1103.0m
      crop x=1002.0..1193.0  z=462.0..653.5  headroom=84.5m
      cloud read: 63.9s
      saved 0.64 MiB; preprocess 0.14s
  CASE TIME: 8.4 min

========================================================================
CASE 91/117: u18/ramp30  [test]
========================================================================
  scouting progression...
    t=260.002s  front=302.0m  peak excess=1056.4K  (4.8s)
    t=275.002s  front=378.0m  peak excess=1007.1K  (4.9s)
    t=290.002s  front=443.0m  peak excess=898.2K  (4.9s)
    t=305.002s  front=527.0m  peak excess=875.1K  (4.8s)
    t=320.002s  front=617.0m  peak excess=837.4K  (5.0s)
    t=335.002s  front=740.0m  peak excess=847.4K  (4.8s)
    t=350.002s  front=908.0m  peak excess=842.8K  (4.8s)
    t=375.002s  front=1102.0m  peak excess=914.9K  (5.0s)
    t=400.002s  front=1102.0m  peak excess=852.2K  (4.9s)
  selected stages:
    10%: t=275.002s  front=378.0m
    30%: t=305.002s  front=527.0m
    50%: t=335.002s  front=740.0m
    70%: t=350.002s  front=908.0m
    90%: t=375.002s  front=1102.0m
  p10: t=275.002s  front=378.0m
      crop x=282.0..473.0  z=102.0..293.5  headroom=78.1m
      cloud read: 60.7s
      saved 0.64 MiB; preprocess 0.14s
  p30: t=305.002s  front=527.0m
      crop x=426.0..617.0  z=180.0..371.5  headroom=73.0m
      cloud read: 63.5s
      saved 0.64 MiB; preprocess 0.14s
  p50: t=335.002s  front=740.0m
      crop x=642.0..833.0  z=306.0..497.5  headroom=74.3m
      cloud read: 136.2s
      saved 0.64 MiB; preprocess 0.14s
  p70: t=350.002s  front=908.0m
      crop x=810.0..1001.0  z=402.0..593.5  headroom=73.3m
      cloud read: 76.2s
      saved 0.64 MiB; preprocess 0.14s
  p90: t=375.002s  front=1102.0m
      crop x=1002.0..1193.0  z=516.0..707.5  headroom=76.5m
      cloud read: 65.7s
      saved 0.64 MiB; preprocess 0.14s
  CASE TIME: 7.5 min

========================================================================
CASE 92/117: u20/ramp0  [test]
========================================================================
  scouting progression...
    t=260.002s  front=302.0m  peak excess=834.1K  (5.0s)
    t=275.002s  front=322.0m  peak excess=814.0K  (5.0s)
    t=290.002s  front=342.0m  peak excess=793.2K  (5.1s)
    t=305.002s  front=364.0m  peak excess=761.6K  (5.1s)
    t=320.002s  front=402.0m  peak excess=717.8K  (5.3s)
    t=335.002s  front=426.0m  peak excess=706.7K  (4.9s)
    t=350.002s  front=504.0m  peak excess=711.3K  (4.9s)
    t=375.002s  front=578.0m  peak excess=712.4K  (4.9s)
    t=400.002s  front=714.0m  peak excess=704.9K  (5.1s)
  selected stages:
    10%: t=290.002s  front=342.0m
    30%: t=335.002s  front=426.0m
    50%: t=350.002s  front=504.0m
    70%: t=375.002s  front=578.0m
    90%: t=400.002s  front=714.0m
  p10: t=290.002s  front=342.0m
      crop x=246.0..437.0  z=0.0..191.5  headroom=191.5m
      cloud read: 60.8s
      saved 0.64 MiB; preprocess 0.14s
  p30: t=335.002s  front=426.0m
      crop x=330.0..521.0  z=0.0..191.5  headroom=191.5m
      cloud read: 66.1s
      saved 0.64 MiB; preprocess 0.14s
  p50: t=350.002s  front=504.0m
      crop x=408.0..599.0  z=0.0..191.5  headroom=191.5m
      cloud read: 67.5s
      saved 0.64 MiB; preprocess 0.13s
  p70: t=375.002s  front=578.0m
      crop x=480.0..671.0  z=0.0..191.5  headroom=191.5m
      cloud read: 68.5s
      saved 0.64 MiB; preprocess 0.14s
  p90: t=400.002s  front=714.0m
      crop x=618.0..809.0  z=0.0..191.5  headroom=191.5m
      cloud read: 126.0s
      saved 0.64 MiB; preprocess 0.14s
  CASE TIME: 7.3 min

========================================================================
CASE 93/117: u20/ramp2.5  [train]
========================================================================
  scouting progression...
    t=260.002s  front=302.0m  peak excess=931.9K  (5.0s)
    t=275.002s  front=336.0m  peak excess=919.2K  (5.0s)
    t=290.002s  front=357.0m  peak excess=889.8K  (4.9s)
    t=305.002s  front=380.0m  peak excess=931.6K  (5.1s)
    t=320.002s  front=449.0m  peak excess=911.6K  (4.9s)
    t=335.002s  front=506.0m  peak excess=893.9K  (5.0s)
    t=350.002s  front=586.0m  peak excess=877.0K  (5.1s)
    t=375.002s  front=712.0m  peak excess=884.3K  (5.1s)
    t=400.002s  front=884.0m  peak excess=864.1K  (4.9s)
  selected stages:
    10%: t=290.002s  front=357.0m
    30%: t=320.002s  front=449.0m
    50%: t=350.002s  front=586.0m
    70%: t=375.002s  front=712.0m
    90%: t=400.002s  front=884.0m
  p10: t=290.002s  front=357.0m
      crop x=258.0..449.0  z=0.0..191.5  headroom=176.3m
      cloud read: 65.9s
      saved 0.64 MiB; preprocess 0.13s
  p30: t=320.002s  front=449.0m
      crop x=348.0..539.0  z=6.0..197.5  headroom=178.3m
      cloud read: 65.3s
      saved 0.64 MiB; preprocess 0.14s
  p50: t=350.002s  front=586.0m
      crop x=486.0..677.0  z=12.0..203.5  headroom=178.3m
      cloud read: 74.7s
      saved 0.64 MiB; preprocess 0.14s
  p70: t=375.002s  front=712.0m
      crop x=612.0..803.0  z=18.0..209.5  headroom=178.8m
      cloud read: 125.4s
      saved 0.64 MiB; preprocess 0.13s
  p90: t=400.002s  front=884.0m
      crop x=786.0..977.0  z=24.0..215.5  headroom=177.2m
      cloud read: 69.1s
      saved 0.64 MiB; preprocess 0.14s
  CASE TIME: 7.5 min

========================================================================
CASE 94/117: u20/ramp5  [train]
========================================================================
  scouting progression...
    t=260.002s  front=302.0m  peak excess=954.3K  (4.9s)
    t=275.002s  front=334.0m  peak excess=939.6K  (5.0s)
    t=290.002s  front=368.0m  peak excess=888.3K  (5.0s)
    t=305.002s  front=391.0m  peak excess=880.4K  (5.0s)
    t=320.002s  front=471.0m  peak excess=893.8K  (5.0s)
    t=335.002s  front=534.0m  peak excess=850.7K  (5.0s)
    t=350.002s  front=614.0m  peak excess=854.8K  (4.9s)
    t=375.002s  front=768.0m  peak excess=848.8K  (4.9s)
    t=400.002s  front=951.0m  peak excess=850.1K  (5.0s)
  selected stages:
    10%: t=290.002s  front=368.0m
    30%: t=320.002s  front=471.0m
    50%: t=350.002s  front=614.0m
    70%: t=375.002s  front=768.0m
    90%: t=400.002s  front=951.0m
  p10: t=290.002s  front=368.0m
      crop x=270.0..461.0  z=12.0..203.5  headroom=171.9m
      cloud read: 68.8s
      saved 0.64 MiB; preprocess 0.14s
  p30: t=320.002s  front=471.0m
      crop x=372.0..563.0  z=18.0..209.5  headroom=169.0m
      cloud read: 60.6s
      saved 0.64 MiB; preprocess 0.14s
  p50: t=350.002s  front=614.0m
      crop x=516.0..707.0  z=30.0..221.5  headroom=168.4m
      cloud read: 64.1s
      saved 0.64 MiB; preprocess 0.14s
  p70: t=375.002s  front=768.0m
      crop x=672.0..863.0  z=42.0..233.5  headroom=166.7m
      cloud read: 120.0s
      saved 0.64 MiB; preprocess 0.14s
  p90: t=400.002s  front=951.0m
      crop x=852.0..1043.0  z=60.0..251.5  headroom=169.0m
      cloud read: 62.8s
      saved 0.64 MiB; preprocess 0.14s
  CASE TIME: 7.1 min

========================================================================
CASE 95/117: u20/ramp7.5  [train]
========================================================================
  scouting progression...
    t=260.002s  front=302.0m  peak excess=976.7K  (5.3s)
    t=275.002s  front=333.0m  peak excess=950.8K  (5.1s)
    t=290.002s  front=371.0m  peak excess=861.6K  (5.1s)
    t=305.002s  front=409.0m  peak excess=884.5K  (5.0s)
    t=320.002s  front=481.0m  peak excess=870.7K  (5.2s)
    t=335.002s  front=576.0m  peak excess=854.9K  (5.1s)
    t=350.002s  front=671.0m  peak excess=845.7K  (5.1s)
    t=375.002s  front=804.0m  peak excess=840.3K  (5.1s)
    t=400.002s  front=990.0m  peak excess=846.3K  (4.9s)
  selected stages:
    10%: t=290.002s  front=371.0m
    30%: t=320.002s  front=481.0m
    50%: t=350.002s  front=671.0m
    70%: t=375.002s  front=804.0m
    90%: t=400.002s  front=990.0m
  p10: t=290.002s  front=371.0m
      crop x=270.0..461.0  z=18.0..209.5  headroom=162.0m
      cloud read: 61.1s
      saved 0.64 MiB; preprocess 0.14s
  p30: t=320.002s  front=481.0m
      crop x=384.0..575.0  z=30.0..221.5  headroom=159.0m
      cloud read: 67.5s
      saved 0.64 MiB; preprocess 0.14s
  p50: t=350.002s  front=671.0m
      crop x=570.0..761.0  z=54.0..245.5  headroom=158.5m
      cloud read: 66.3s
      saved 0.64 MiB; preprocess 0.13s
  p70: t=375.002s  front=804.0m
      crop x=708.0..899.0  z=72.0..263.5  headroom=158.3m
      cloud read: 128.2s
      saved 0.64 MiB; preprocess 0.14s
  p90: t=400.002s  front=990.0m
      crop x=894.0..1085.0  z=102.0..293.5  headroom=163.8m
      cloud read: 62.6s
      saved 0.64 MiB; preprocess 0.14s
  CASE TIME: 7.3 min

========================================================================
CASE 96/117: u20/ramp10  [val]
========================================================================
  scouting progression...
    t=260.002s  front=302.0m  peak excess=1042.9K  (5.6s)
    t=275.002s  front=335.0m  peak excess=995.8K  (5.2s)
    t=290.002s  front=383.0m  peak excess=872.7K  (5.5s)
    t=305.002s  front=417.0m  peak excess=861.5K  (5.3s)
    t=320.002s  front=485.0m  peak excess=875.1K  (5.1s)
    t=335.002s  front=590.0m  peak excess=850.9K  (5.1s)
    t=350.002s  front=692.0m  peak excess=848.9K  (5.4s)
    t=375.002s  front=848.0m  peak excess=838.2K  (5.1s)
    t=400.002s  front=1055.0m  peak excess=846.0K  (5.1s)
  selected stages:
    10%: t=290.002s  front=383.0m
    30%: t=320.002s  front=485.0m
    50%: t=350.002s  front=692.0m
    70%: t=375.002s  front=848.0m
    90%: t=400.002s  front=1055.0m
  p10: t=290.002s  front=383.0m
      crop x=282.0..473.0  z=24.0..215.5  headroom=149.7m
      cloud read: 69.2s
      saved 0.64 MiB; preprocess 0.14s
  p30: t=320.002s  front=485.0m
      crop x=384.0..575.0  z=42.0..233.5  headroom=149.7m
      cloud read: 63.2s
      saved 0.64 MiB; preprocess 0.13s
  p50: t=350.002s  front=692.0m
      crop x=594.0..785.0  z=84.0..275.5  headroom=154.7m
      cloud read: 144.7s
      saved 0.64 MiB; preprocess 0.14s
  p70: t=375.002s  front=848.0m
      crop x=750.0..941.0  z=108.0..299.5  headroom=151.2m
      cloud read: 138.7s
      saved 0.64 MiB; preprocess 0.14s
  p90: t=400.002s  front=1055.0m
      crop x=954.0..1145.0  z=144.0..335.5  headroom=151.2m
      cloud read: 72.7s
      saved 0.64 MiB; preprocess 0.14s
  CASE TIME: 9.0 min

========================================================================
CASE 97/117: u20/ramp12.5  [train]
========================================================================
  scouting progression...
    t=260.002s  front=302.0m  peak excess=945.8K  (5.3s)
    t=275.002s  front=342.0m  peak excess=934.1K  (5.5s)
    t=290.002s  front=387.0m  peak excess=853.2K  (5.0s)
    t=305.002s  front=430.0m  peak excess=851.5K  (4.9s)
    t=320.002s  front=493.0m  peak excess=854.5K  (4.9s)
    t=335.002s  front=581.0m  peak excess=842.5K  (5.1s)
    t=350.002s  front=705.0m  peak excess=828.4K  (5.1s)
    t=375.002s  front=899.0m  peak excess=834.5K  (5.0s)
    t=400.002s  front=1106.0m  peak excess=914.7K  (5.2s)
  selected stages:
    10%: t=290.002s  front=387.0m
    30%: t=335.002s  front=581.0m
    50%: t=350.002s  front=705.0m
    70%: t=375.002s  front=899.0m
    90%: t=400.002s  front=1106.0m
  p10: t=290.002s  front=387.0m
      crop x=288.0..479.0  z=36.0..227.5  headroom=143.5m
      cloud read: 94.2s
      saved 0.64 MiB; preprocess 0.14s
  p30: t=335.002s  front=581.0m
      crop x=480.0..671.0  z=78.0..269.5  headroom=142.9m
      cloud read: 80.0s
      saved 0.64 MiB; preprocess 0.14s
  p50: t=350.002s  front=705.0m
      crop x=606.0..797.0  z=108.0..299.5  headroom=145.0m
      cloud read: 147.9s
      saved 0.64 MiB; preprocess 0.14s
  p70: t=375.002s  front=899.0m
      crop x=798.0..989.0  z=150.0..341.5  headroom=144.4m
      cloud read: 72.4s
      saved 0.64 MiB; preprocess 0.14s
  p90: t=400.002s  front=1106.0m
      crop x=1008.0..1199.0  z=198.0..389.5  headroom=145.9m
      cloud read: 65.4s
      saved 0.64 MiB; preprocess 0.14s
  CASE TIME: 8.5 min

========================================================================
CASE 98/117: u20/ramp15  [train]
========================================================================
  scouting progression...
    t=260.002s  front=302.0m  peak excess=1090.8K  (4.9s)
    t=275.002s  front=357.0m  peak excess=1028.2K  (5.2s)
    t=290.002s  front=398.0m  peak excess=875.3K  (5.3s)
    t=305.002s  front=454.0m  peak excess=867.6K  (5.2s)
    t=320.002s  front=538.0m  peak excess=869.0K  (5.4s)
    t=335.002s  front=635.0m  peak excess=849.9K  (5.2s)
    t=350.002s  front=760.0m  peak excess=844.9K  (5.4s)
    t=375.002s  front=969.0m  peak excess=849.6K  (5.1s)
    t=400.002s  front=1105.0m  peak excess=872.8K  (4.8s)
  selected stages:
    10%: t=290.002s  front=398.0m
    30%: t=320.002s  front=538.0m
    50%: t=335.002s  front=635.0m
    70%: t=350.002s  front=760.0m
    90%: t=375.002s  front=969.0m
  p10: t=290.002s  front=398.0m
      crop x=300.0..491.0  z=48.0..239.5  headroom=134.7m
      cloud read: 72.5s
      saved 0.64 MiB; preprocess 0.14s
  p30: t=320.002s  front=538.0m
      crop x=438.0..629.0  z=84.0..275.5  headroom=133.8m
      cloud read: 63.7s
      saved 0.64 MiB; preprocess 0.14s
  p50: t=335.002s  front=635.0m
      crop x=534.0..725.0  z=108.0..299.5  headroom=132.0m
      cloud read: 66.6s
      saved 0.64 MiB; preprocess 0.14s
  p70: t=350.002s  front=760.0m
      crop x=660.0..851.0  z=144.0..335.5  headroom=134.3m
      cloud read: 134.0s
      saved 0.64 MiB; preprocess 0.14s
  p90: t=375.002s  front=969.0m
      crop x=870.0..1061.0  z=198.0..389.5  headroom=132.0m
      cloud read: 69.0s
      saved 0.64 MiB; preprocess 0.14s
  CASE TIME: 7.6 min

========================================================================
CASE 99/117: u20/ramp17.5  [test]
========================================================================
  scouting progression...
    t=260.002s  front=302.0m  peak excess=953.4K  (4.9s)
    t=275.002s  front=354.0m  peak excess=931.5K  (4.9s)
    t=290.002s  front=400.0m  peak excess=865.3K  (4.9s)
    t=305.002s  front=465.0m  peak excess=852.9K  (5.0s)
    t=320.002s  front=557.0m  peak excess=846.5K  (5.0s)
    t=335.002s  front=668.0m  peak excess=827.8K  (4.8s)
    t=350.002s  front=798.0m  peak excess=844.7K  (4.6s)
    t=375.002s  front=1101.0m  peak excess=849.6K  (4.8s)
    t=400.002s  front=1106.0m  peak excess=885.8K  (4.9s)
  selected stages:
    10%: t=290.002s  front=400.0m
    30%: t=320.002s  front=557.0m
    50%: t=335.002s  front=668.0m
    70%: t=350.002s  front=798.0m
    90%: t=375.002s  front=1101.0m
  p10: t=290.002s  front=400.0m
      crop x=300.0..491.0  z=60.0..251.5  headroom=128.2m
      cloud read: 62.3s
      saved 0.64 MiB; preprocess 0.14s
  p30: t=320.002s  front=557.0m
      crop x=456.0..647.0  z=108.0..299.5  headroom=127.0m
      cloud read: 67.8s
      saved 0.64 MiB; preprocess 0.14s
  p50: t=335.002s  front=668.0m
      crop x=570.0..761.0  z=144.0..335.5  headroom=127.1m
      cloud read: 63.3s
      saved 0.64 MiB; preprocess 0.14s
  p70: t=350.002s  front=798.0m
      crop x=702.0..893.0  z=186.0..377.5  headroom=127.5m
      cloud read: 128.2s
      saved 0.64 MiB; preprocess 0.14s
  p90: t=375.002s  front=1101.0m
      crop x=1002.0..1193.0  z=276.0..467.5  headroom=122.9m
      cloud read: 68.1s
      saved 0.64 MiB; preprocess 0.14s
  CASE TIME: 7.3 min

========================================================================
CASE 100/117: u20/ramp20  [train]
========================================================================
  scouting progression...
    t=260.002s  front=302.0m  peak excess=1068.8K  (5.0s)
    t=275.002s  front=369.0m  peak excess=1015.4K  (5.1s)
    t=290.002s  front=421.0m  peak excess=858.1K  (5.0s)
    t=305.002s  front=487.0m  peak excess=854.5K  (4.8s)
    t=320.002s  front=579.0m  peak excess=853.0K  (4.9s)
    t=335.002s  front=704.0m  peak excess=832.5K  (4.9s)
    t=350.002s  front=787.0m  peak excess=846.1K  (4.9s)
    t=375.002s  front=1101.0m  peak excess=849.2K  (4.9s)
    t=400.002s  front=1105.0m  peak excess=912.6K  (5.0s)
  selected stages:
    10%: t=275.002s  front=369.0m
    30%: t=320.002s  front=579.0m
    50%: t=335.002s  front=704.0m
    70%: t=350.002s  front=787.0m
    90%: t=375.002s  front=1101.0m
  p10: t=275.002s  front=369.0m
      crop x=270.0..461.0  z=54.0..245.5  headroom=114.1m
      cloud read: 66.4s
      saved 0.64 MiB; preprocess 0.14s
  p30: t=320.002s  front=579.0m
      crop x=480.0..671.0  z=132.0..323.5  headroom=115.7m
      cloud read: 63.6s
      saved 0.64 MiB; preprocess 0.14s
  p50: t=335.002s  front=704.0m
      crop x=606.0..797.0  z=180.0..371.5  headroom=117.8m
      cloud read: 141.9s
      saved 0.64 MiB; preprocess 0.14s
  p70: t=350.002s  front=787.0m
      crop x=690.0..881.0  z=210.0..401.5  headroom=117.2m
      cloud read: 133.6s
      saved 0.64 MiB; preprocess 0.14s
  p90: t=375.002s  front=1101.0m
      crop x=1002.0..1193.0  z=324.0..515.5  headroom=117.7m
      cloud read: 64.3s
      saved 0.64 MiB; preprocess 0.14s
  CASE TIME: 8.7 min

========================================================================
CASE 101/117: u20/ramp22.5  [train]
========================================================================
  scouting progression...
    t=260.002s  front=302.0m  peak excess=1090.1K  (5.0s)
    t=275.002s  front=364.0m  peak excess=1023.5K  (4.9s)
    t=290.002s  front=428.0m  peak excess=899.8K  (5.0s)
    t=305.002s  front=492.0m  peak excess=862.8K  (4.7s)
    t=320.002s  front=591.0m  peak excess=842.1K  (4.8s)
    t=335.002s  front=696.0m  peak excess=843.9K  (4.8s)
    t=350.002s  front=865.0m  peak excess=832.0K  (4.7s)
    t=375.002s  front=1105.0m  peak excess=936.8K  (4.8s)
    t=400.002s  front=1105.0m  peak excess=914.8K  (4.6s)
  selected stages:
    10%: t=275.002s  front=364.0m
    30%: t=320.002s  front=591.0m
    50%: t=335.002s  front=696.0m
    70%: t=350.002s  front=865.0m
    90%: t=375.002s  front=1105.0m
  p10: t=275.002s  front=364.0m
      crop x=264.0..455.0  z=60.0..251.5  headroom=104.5m
      cloud read: 61.3s
      saved 0.64 MiB; preprocess 0.14s
  p30: t=320.002s  front=591.0m
      crop x=492.0..683.0  z=156.0..347.5  headroom=106.0m
      cloud read: 59.3s
      saved 0.64 MiB; preprocess 0.14s
  p50: t=335.002s  front=696.0m
      crop x=600.0..791.0  z=204.0..395.5  headroom=109.3m
      cloud read: 134.4s
      saved 0.64 MiB; preprocess 0.14s
  p70: t=350.002s  front=865.0m
      crop x=768.0..959.0  z=270.0..461.5  headroom=105.7m
      cloud read: 68.9s
      saved 0.64 MiB; preprocess 0.14s
  p90: t=375.002s  front=1105.0m
      crop x=1008.0..1199.0  z=372.0..563.5  headroom=108.3m
      cloud read: 67.4s
      saved 0.64 MiB; preprocess 0.14s
  CASE TIME: 7.3 min

========================================================================
CASE 102/117: u20/ramp25  [train]
========================================================================
  scouting progression...
    t=260.002s  front=302.0m  peak excess=1062.1K  (4.9s)
    t=275.002s  front=363.0m  peak excess=1010.2K  (5.0s)
    t=290.002s  front=437.0m  peak excess=879.8K  (4.9s)
    t=305.002s  front=511.0m  peak excess=880.9K  (5.3s)
    t=320.002s  front=615.0m  peak excess=830.6K  (4.9s)
    t=335.002s  front=734.0m  peak excess=820.9K  (4.9s)
    t=350.002s  front=897.0m  peak excess=828.3K  (4.8s)
    t=375.002s  front=1105.0m  peak excess=915.6K  (4.6s)
    t=400.002s  front=1105.0m  peak excess=908.2K  (4.9s)
  selected stages:
    10%: t=275.002s  front=363.0m
    30%: t=305.002s  front=511.0m
    50%: t=335.002s  front=734.0m
    70%: t=350.002s  front=897.0m
    90%: t=375.002s  front=1105.0m
  p10: t=275.002s  front=363.0m
      crop x=264.0..455.0  z=72.0..263.5  headroom=98.0m
      cloud read: 62.7s
      saved 0.64 MiB; preprocess 0.14s
  p30: t=305.002s  front=511.0m
      crop x=414.0..605.0  z=138.0..329.5  headroom=94.0m
      cloud read: 74.4s
      saved 0.64 MiB; preprocess 0.14s
  p50: t=335.002s  front=734.0m
      crop x=636.0..827.0  z=246.0..437.5  headroom=98.5m
      cloud read: 124.1s
      saved 0.64 MiB; preprocess 0.14s
  p70: t=350.002s  front=897.0m
      crop x=798.0..989.0  z=318.0..509.5  headroom=95.0m
      cloud read: 66.4s
      saved 0.64 MiB; preprocess 0.14s
  p90: t=375.002s  front=1105.0m
      crop x=1008.0..1199.0  z=420.0..611.5  headroom=99.0m
      cloud read: 59.0s
      saved 0.64 MiB; preprocess 0.14s
  CASE TIME: 7.2 min

========================================================================
CASE 103/117: u20/ramp27.5  [val]
========================================================================
  scouting progression...
    t=260.002s  front=302.0m  peak excess=1119.4K  (4.8s)
    t=275.002s  front=374.0m  peak excess=1044.6K  (4.8s)
    t=290.002s  front=447.0m  peak excess=878.6K  (4.8s)
    t=305.002s  front=544.0m  peak excess=915.0K  (4.9s)
    t=320.002s  front=641.0m  peak excess=885.9K  (4.7s)
    t=335.002s  front=787.0m  peak excess=882.2K  (4.8s)
    t=350.002s  front=933.0m  peak excess=884.7K  (4.8s)
    t=375.002s  front=1103.0m  peak excess=916.4K  (4.8s)
    t=400.002s  front=1105.0m  peak excess=881.8K  (4.9s)
  selected stages:
    10%: t=275.002s  front=374.0m
    30%: t=305.002s  front=544.0m
    50%: t=320.002s  front=641.0m
    70%: t=350.002s  front=933.0m
    90%: t=375.002s  front=1103.0m
  p10: t=275.002s  front=374.0m
      crop x=276.0..467.0  z=84.0..275.5  headroom=84.5m
      cloud read: 61.3s
      saved 0.64 MiB; preprocess 0.14s
  p30: t=305.002s  front=544.0m
      crop x=444.0..635.0  z=174.0..365.5  headroom=87.0m
      cloud read: 56.1s
      saved 0.64 MiB; preprocess 0.14s
  p50: t=320.002s  front=641.0m
      crop x=540.0..731.0  z=222.0..413.5  headroom=85.0m
      cloud read: 50.3s
      saved 0.64 MiB; preprocess 0.14s
  p70: t=350.002s  front=933.0m
      crop x=834.0..1025.0  z=378.0..569.5  headroom=88.0m
      cloud read: 64.6s
      saved 0.64 MiB; preprocess 0.14s
  p90: t=375.002s  front=1103.0m
      crop x=1002.0..1193.0  z=462.0..653.5  headroom=84.5m
      cloud read: 64.1s
      saved 0.64 MiB; preprocess 0.14s
  CASE TIME: 5.7 min

========================================================================
CASE 104/117: u20/ramp30  [train]
========================================================================
  scouting progression...
    t=260.002s  front=302.0m  peak excess=1100.7K  (5.0s)
    t=275.002s  front=378.0m  peak excess=1033.7K  (4.9s)
    t=290.002s  front=462.0m  peak excess=900.7K  (4.9s)
    t=305.002s  front=546.0m  peak excess=900.8K  (5.2s)
    t=320.002s  front=662.0m  peak excess=843.8K  (4.8s)
    t=335.002s  front=830.0m  peak excess=860.5K  (5.0s)
    t=350.002s  front=1024.0m  peak excess=865.8K  (4.9s)
    t=375.002s  front=1102.0m  peak excess=911.8K  (4.8s)
    t=400.002s  front=1102.0m  peak excess=842.3K  (4.7s)
  selected stages:
    10%: t=275.002s  front=378.0m
    30%: t=305.002s  front=546.0m
    50%: t=320.002s  front=662.0m
    70%: t=335.002s  front=830.0m
    90%: t=350.002s  front=1024.0m
  p10: t=275.002s  front=378.0m
      crop x=282.0..473.0  z=102.0..293.5  headroom=78.1m
      cloud read: 65.4s
      saved 0.64 MiB; preprocess 0.15s
  p30: t=305.002s  front=546.0m
      crop x=450.0..641.0  z=198.0..389.5  headroom=77.2m
      cloud read: 62.8s
      saved 0.64 MiB; preprocess 0.14s
  p50: t=320.002s  front=662.0m
      crop x=564.0..755.0  z=264.0..455.5  headroom=77.3m
      cloud read: 61.6s
      saved 0.64 MiB; preprocess 0.14s
  p70: t=335.002s  front=830.0m
      crop x=732.0..923.0  z=360.0..551.5  headroom=76.3m
      cloud read: 141.4s
      saved 0.64 MiB; preprocess 0.14s
  p90: t=350.002s  front=1024.0m
      crop x=924.0..1115.0  z=468.0..659.5  headroom=73.5m
      cloud read: 73.4s
      saved 0.64 MiB; preprocess 0.14s
  CASE TIME: 7.6 min

========================================================================
CASE 105/117: u22/ramp0  [train]
========================================================================
  scouting progression...
  ERROR: RuntimeError("Unexpected time units: 'nanoseconds'")
  Continuing to next case.

========================================================================
CASE 106/117: u22/ramp2.5  [train]
========================================================================
  scouting progression...
    t=260.002s  front=302.0m  peak excess=959.6K  (5.2s)
    t=275.002s  front=336.0m  peak excess=948.6K  (5.0s)
    t=290.002s  front=357.0m  peak excess=900.6K  (5.0s)
    t=305.002s  front=403.0m  peak excess=920.4K  (5.0s)
    t=320.002s  front=449.0m  peak excess=904.2K  (5.0s)
    t=335.002s  front=529.0m  peak excess=897.8K  (5.2s)
    t=350.002s  front=609.0m  peak excess=889.8K  (4.9s)
    t=375.002s  front=781.0m  peak excess=865.5K  (4.9s)
    t=400.002s  front=964.0m  peak excess=887.8K  (5.0s)
  selected stages:
    10%: t=290.002s  front=357.0m
    30%: t=335.002s  front=529.0m
    50%: t=350.002s  front=609.0m
    70%: t=375.002s  front=781.0m
    90%: t=400.002s  front=964.0m
  p10: t=290.002s  front=357.0m
      crop x=258.0..449.0  z=0.0..191.5  headroom=176.3m
      cloud read: 64.7s
      saved 0.64 MiB; preprocess 0.13s
  p30: t=335.002s  front=529.0m
      crop x=432.0..623.0  z=6.0..197.5  headroom=174.7m
      cloud read: 67.3s
      saved 0.64 MiB; preprocess 0.14s
  p50: t=350.002s  front=609.0m
      crop x=510.0..701.0  z=12.0..203.5  headroom=177.3m
      cloud read: 67.1s
      saved 0.64 MiB; preprocess 0.14s
  p70: t=375.002s  front=781.0m
      crop x=684.0..875.0  z=18.0..209.5  headroom=175.7m
      cloud read: 123.0s
      saved 0.64 MiB; preprocess 0.14s
  p90: t=400.002s  front=964.0m
      crop x=864.0..1055.0  z=30.0..221.5  headroom=179.8m
      cloud read: 61.0s
      saved 0.64 MiB; preprocess 0.14s
  CASE TIME: 7.2 min

========================================================================
CASE 107/117: u22/ramp5  [test]
========================================================================
  scouting progression...
    t=260.002s  front=302.0m  peak excess=998.7K  (5.1s)
    t=275.002s  front=334.0m  peak excess=965.0K  (5.0s)
    t=290.002s  front=368.0m  peak excess=878.0K  (5.0s)
    t=305.002s  front=408.0m  peak excess=890.5K  (5.1s)
    t=320.002s  front=471.0m  peak excess=884.8K  (5.0s)
    t=335.002s  front=568.0m  peak excess=869.7K  (4.8s)
    t=350.002s  front=631.0m  peak excess=847.6K  (4.9s)
    t=375.002s  front=848.0m  peak excess=855.1K  (5.0s)
    t=400.002s  front=1031.0m  peak excess=856.0K  (4.9s)
  selected stages:
    10%: t=290.002s  front=368.0m
    30%: t=335.002s  front=568.0m
    50%: t=350.002s  front=631.0m
    70%: t=375.002s  front=848.0m
    90%: t=400.002s  front=1031.0m
  p10: t=290.002s  front=368.0m
      crop x=270.0..461.0  z=12.0..203.5  headroom=171.9m
      cloud read: 64.6s
      saved 0.64 MiB; preprocess 0.13s
  p30: t=335.002s  front=568.0m
      crop x=468.0..659.0  z=24.0..215.5  headroom=166.6m
      cloud read: 63.0s
      saved 0.64 MiB; preprocess 0.14s
  p50: t=350.002s  front=631.0m
      crop x=534.0..725.0  z=30.0..221.5  headroom=166.8m
      cloud read: 60.5s
      saved 0.64 MiB; preprocess 0.14s
  p70: t=375.002s  front=848.0m
      crop x=750.0..941.0  z=54.0..245.5  headroom=171.9m
      cloud read: 135.1s
      saved 0.64 MiB; preprocess 0.14s
  p90: t=400.002s  front=1031.0m
      crop x=930.0..1121.0  z=66.0..257.5  headroom=168.2m
      cloud read: 67.0s
      saved 0.64 MiB; preprocess 0.14s
  CASE TIME: 7.3 min

========================================================================
CASE 108/117: u22/ramp7.5  [train]
========================================================================
  scouting progression...
    t=260.002s  front=302.0m  peak excess=1012.7K  (4.8s)
    t=275.002s  front=337.0m  peak excess=976.8K  (5.2s)
    t=290.002s  front=371.0m  peak excess=859.5K  (5.0s)
    t=305.002s  front=428.0m  peak excess=893.2K  (5.0s)
    t=320.002s  front=519.0m  peak excess=881.2K  (5.0s)
    t=335.002s  front=595.0m  peak excess=876.1K  (4.8s)
    t=350.002s  front=690.0m  peak excess=852.2K  (4.9s)
    t=375.002s  front=914.0m  peak excess=852.4K  (5.0s)
    t=400.002s  front=1105.0m  peak excess=912.6K  (5.0s)
  selected stages:
    10%: t=290.002s  front=371.0m
    30%: t=320.002s  front=519.0m
    50%: t=350.002s  front=690.0m
    70%: t=375.002s  front=914.0m
    90%: t=400.002s  front=1105.0m
  p10: t=290.002s  front=371.0m
      crop x=270.0..461.0  z=18.0..209.5  headroom=162.0m
      cloud read: 56.9s
      saved 0.64 MiB; preprocess 0.13s
  p30: t=320.002s  front=519.0m
      crop x=420.0..611.0  z=36.0..227.5  headroom=160.2m
      cloud read: 53.3s
      saved 0.64 MiB; preprocess 0.14s
  p50: t=350.002s  front=690.0m
      crop x=594.0..785.0  z=60.0..251.5  headroom=161.3m
      cloud read: 104.2s
      saved 0.64 MiB; preprocess 0.14s
  p70: t=375.002s  front=914.0m
      crop x=816.0..1007.0  z=90.0..281.5  headroom=162.1m
      cloud read: 52.1s
      saved 0.64 MiB; preprocess 0.14s
  p90: t=400.002s  front=1105.0m
      crop x=1008.0..1199.0  z=114.0..305.5  headroom=160.8m
      cloud read: 46.5s
      saved 0.64 MiB; preprocess 0.14s
  CASE TIME: 6.0 min

========================================================================
CASE 109/117: u22/ramp10  [train]
========================================================================
  scouting progression...
    t=260.002s  front=302.0m  peak excess=1083.5K  (4.9s)
    t=275.002s  front=349.0m  peak excess=1007.3K  (4.7s)
    t=290.002s  front=383.0m  peak excess=877.4K  (5.0s)
    t=305.002s  front=434.0m  peak excess=894.7K  (4.7s)
    t=320.002s  front=522.0m  peak excess=883.9K  (4.9s)
    t=335.002s  front=624.0m  peak excess=866.7K  (4.9s)
    t=350.002s  front=729.0m  peak excess=854.7K  (4.8s)
    t=375.002s  front=916.0m  peak excess=881.3K  (4.9s)
    t=400.002s  front=1105.0m  peak excess=874.9K  (4.7s)
  selected stages:
    10%: t=290.002s  front=383.0m
    30%: t=320.002s  front=522.0m
    50%: t=350.002s  front=729.0m
    70%: t=375.002s  front=916.0m
    90%: t=400.002s  front=1105.0m
  p10: t=290.002s  front=383.0m
      crop x=282.0..473.0  z=24.0..215.5  headroom=149.7m
      cloud read: 49.8s
      saved 0.64 MiB; preprocess 0.16s
  p30: t=320.002s  front=522.0m
      crop x=426.0..617.0  z=54.0..245.5  headroom=154.3m
      cloud read: 51.2s
      saved 0.64 MiB; preprocess 0.14s
  p50: t=350.002s  front=729.0m
      crop x=630.0..821.0  z=90.0..281.5  headroom=154.4m
      cloud read: 94.1s
      saved 0.64 MiB; preprocess 0.16s
  p70: t=375.002s  front=916.0m
      crop x=816.0..1007.0  z=120.0..311.5  headroom=151.6m
      cloud read: 50.5s
      saved 0.64 MiB; preprocess 0.17s
  p90: t=400.002s  front=1105.0m
      crop x=1008.0..1199.0  z=156.0..347.5  headroom=153.7m
      cloud read: 47.5s
      saved 0.64 MiB; preprocess 0.15s
  CASE TIME: 5.7 min

========================================================================
CASE 110/117: u22/ramp12.5  [train]
========================================================================
  scouting progression...
    t=260.002s  front=302.0m  peak excess=996.5K  (4.9s)
    t=275.002s  front=351.0m  peak excess=962.5K  (5.1s)
    t=290.002s  front=396.0m  peak excess=844.3K  (4.9s)
    t=305.002s  front=457.0m  peak excess=886.0K  (4.9s)
    t=320.002s  front=545.0m  peak excess=866.0K  (5.2s)
    t=335.002s  front=660.0m  peak excess=846.4K  (4.9s)
    t=350.002s  front=784.0m  peak excess=833.2K  (5.2s)
    t=375.002s  front=996.0m  peak excess=849.6K  (4.7s)
    t=400.002s  front=1106.0m  peak excess=866.8K  (4.8s)
  selected stages:
    10%: t=290.002s  front=396.0m
    30%: t=320.002s  front=545.0m
    50%: t=335.002s  front=660.0m
    70%: t=350.002s  front=784.0m
    90%: t=375.002s  front=996.0m
  p10: t=290.002s  front=396.0m
      crop x=300.0..491.0  z=36.0..227.5  headroom=140.8m
      cloud read: 57.0s
      saved 0.64 MiB; preprocess 0.15s
  p30: t=320.002s  front=545.0m
      crop x=444.0..635.0  z=72.0..263.5  headroom=144.9m
      cloud read: 58.7s
      saved 0.64 MiB; preprocess 0.14s
  p50: t=335.002s  front=660.0m
      crop x=564.0..755.0  z=96.0..287.5  headroom=142.3m
      cloud read: 62.4s
      saved 0.64 MiB; preprocess 0.14s
  p70: t=350.002s  front=784.0m
      crop x=684.0..875.0  z=126.0..317.5  headroom=145.7m
      cloud read: 91.3s
      saved 0.64 MiB; preprocess 0.14s
  p90: t=375.002s  front=996.0m
      crop x=900.0..1091.0  z=174.0..365.5  headroom=145.8m
      cloud read: 48.2s
      saved 0.64 MiB; preprocess 0.13s
  CASE TIME: 6.1 min

========================================================================
CASE 111/117: u22/ramp15  [val]
========================================================================
  scouting progression...
    t=260.002s  front=302.0m  peak excess=1151.4K  (5.1s)
    t=275.002s  front=357.0m  peak excess=1047.1K  (5.1s)
    t=290.002s  front=413.0m  peak excess=851.4K  (5.3s)
    t=305.002s  front=482.0m  peak excess=876.4K  (5.1s)
    t=320.002s  front=579.0m  peak excess=868.4K  (5.2s)
    t=335.002s  front=678.0m  peak excess=858.8K  (5.1s)
    t=350.002s  front=831.0m  peak excess=857.3K  (5.0s)
    t=375.002s  front=1105.0m  peak excess=852.1K  (5.0s)
    t=400.002s  front=1105.0m  peak excess=889.7K  (5.2s)
  selected stages:
    10%: t=275.002s  front=357.0m
    30%: t=320.002s  front=579.0m
    50%: t=335.002s  front=678.0m
    70%: t=350.002s  front=831.0m
    90%: t=375.002s  front=1105.0m
  p10: t=275.002s  front=357.0m
      crop x=258.0..449.0  z=36.0..227.5  headroom=134.0m
      cloud read: 45.2s
      saved 0.64 MiB; preprocess 0.14s
  p30: t=320.002s  front=579.0m
      crop x=480.0..671.0  z=96.0..287.5  headroom=134.5m
      cloud read: 48.2s
      saved 0.64 MiB; preprocess 0.14s
  p50: t=335.002s  front=678.0m
      crop x=582.0..773.0  z=126.0..317.5  headroom=137.2m
      cloud read: 88.2s
      saved 0.64 MiB; preprocess 0.14s
  p70: t=350.002s  front=831.0m
      crop x=732.0..923.0  z=162.0..353.5  headroom=133.0m
      cloud read: 92.8s
      saved 0.64 MiB; preprocess 0.14s
  p90: t=375.002s  front=1105.0m
      crop x=1008.0..1199.0  z=240.0..431.5  headroom=137.0m
      cloud read: 42.1s
      saved 0.64 MiB; preprocess 0.14s
  CASE TIME: 6.1 min

========================================================================
CASE 112/117: u22/ramp17.5  [train]
========================================================================
  scouting progression...
    t=260.002s  front=302.0m  peak excess=1016.6K  (5.0s)
    t=275.002s  front=354.0m  peak excess=976.1K  (4.9s)
    t=290.002s  front=419.0m  peak excess=886.2K  (4.9s)
    t=305.002s  front=492.0m  peak excess=853.1K  (4.7s)
    t=320.002s  front=576.0m  peak excess=848.7K  (4.8s)
    t=335.002s  front=733.0m  peak excess=849.5K  (4.9s)
    t=350.002s  front=844.0m  peak excess=847.3K  (4.8s)
    t=375.002s  front=1101.0m  peak excess=953.6K  (4.7s)
    t=400.002s  front=1106.0m  peak excess=904.6K  (4.8s)
  selected stages:
    10%: t=275.002s  front=354.0m
    30%: t=320.002s  front=576.0m
    50%: t=335.002s  front=733.0m
    70%: t=350.002s  front=844.0m
    90%: t=375.002s  front=1101.0m
  p10: t=275.002s  front=354.0m
      crop x=258.0..449.0  z=42.0..233.5  headroom=123.5m
      cloud read: 44.4s
      saved 0.64 MiB; preprocess 0.14s
  p30: t=320.002s  front=576.0m
      crop x=480.0..671.0  z=114.0..305.5  headroom=125.5m
      cloud read: 42.9s
      saved 0.64 MiB; preprocess 0.14s
  p50: t=335.002s  front=733.0m
      crop x=636.0..827.0  z=162.0..353.5  headroom=124.3m
      cloud read: 94.0s
      saved 0.64 MiB; preprocess 0.14s
  p70: t=350.002s  front=844.0m
      crop x=744.0..935.0  z=198.0..389.5  headroom=126.2m
      cloud read: 90.0s
      saved 0.64 MiB; preprocess 0.14s
  p90: t=375.002s  front=1101.0m
      crop x=1002.0..1193.0  z=276.0..467.5  headroom=122.9m
      cloud read: 50.9s
      saved 0.64 MiB; preprocess 0.14s
  CASE TIME: 6.2 min

========================================================================
CASE 113/117: u22/ramp20  [train]
========================================================================
  scouting progression...
    t=260.002s  front=302.0m  peak excess=1125.0K  (4.7s)
    t=275.002s  front=373.0m  peak excess=1044.0K  (4.9s)
    t=290.002s  front=432.0m  peak excess=863.6K  (4.8s)
    t=305.002s  front=516.0m  peak excess=891.6K  (4.8s)
    t=320.002s  front=612.0m  peak excess=856.5K  (4.7s)
    t=335.002s  front=737.0m  peak excess=846.6K  (5.0s)
    t=350.002s  front=787.0m  peak excess=843.0K  (4.8s)
    t=375.002s  front=1104.0m  peak excess=959.9K  (4.8s)
    t=400.002s  front=1105.0m  peak excess=910.3K  (4.7s)
  selected stages:
    10%: t=275.002s  front=373.0m
    30%: t=305.002s  front=516.0m
    50%: t=335.002s  front=737.0m
    70%: t=350.002s  front=787.0m
    90%: t=375.002s  front=1104.0m
  p10: t=275.002s  front=373.0m
      crop x=276.0..467.0  z=60.0..251.5  headroom=117.9m
      cloud read: 46.0s
      saved 0.64 MiB; preprocess 0.13s
  p30: t=305.002s  front=516.0m
      crop x=420.0..611.0  z=108.0..299.5  headroom=113.5m
      cloud read: 54.7s
      saved 0.64 MiB; preprocess 0.14s
  p50: t=335.002s  front=737.0m
      crop x=636.0..827.0  z=192.0..383.5  headroom=118.9m
      cloud read: 122.3s
      saved 0.64 MiB; preprocess 0.14s
  p70: t=350.002s  front=787.0m
      crop x=690.0..881.0  z=210.0..401.5  headroom=117.2m
      cloud read: 96.8s
      saved 0.64 MiB; preprocess 0.14s
  p90: t=375.002s  front=1104.0m
      crop x=1008.0..1199.0  z=324.0..515.5  headroom=115.5m
      cloud read: 51.3s
      saved 0.64 MiB; preprocess 0.14s
  CASE TIME: 7.0 min

========================================================================
CASE 114/117: u22/ramp22.5  [test]
========================================================================
  scouting progression...
    t=260.002s  front=302.0m  peak excess=1134.8K  (4.9s)
    t=275.002s  front=364.0m  peak excess=1038.0K  (4.8s)
    t=290.002s  front=434.0m  peak excess=893.7K  (5.0s)
    t=305.002s  front=521.0m  peak excess=908.8K  (4.9s)
    t=320.002s  front=626.0m  peak excess=877.5K  (8.7s)
    t=335.002s  front=804.0m  peak excess=830.0K  (5.5s)
    t=350.002s  front=941.0m  peak excess=848.1K  (5.0s)
    t=375.002s  front=1105.0m  peak excess=918.5K  (9.7s)
    t=400.002s  front=1105.0m  peak excess=891.7K  (8.7s)
  selected stages:
    10%: t=275.002s  front=364.0m
    30%: t=305.002s  front=521.0m
    50%: t=320.002s  front=626.0m
    70%: t=335.002s  front=804.0m
    90%: t=375.002s  front=1105.0m
  p10: t=275.002s  front=364.0m
      crop x=264.0..455.0  z=60.0..251.5  headroom=104.5m
      cloud read: 71.8s
      saved 0.64 MiB; preprocess 0.14s
  p30: t=305.002s  front=521.0m
      crop x=420.0..611.0  z=126.0..317.5  headroom=105.8m
      cloud read: 65.5s
      saved 0.64 MiB; preprocess 0.14s
  p50: t=320.002s  front=626.0m
      crop x=528.0..719.0  z=174.0..365.5  headroom=109.1m
      cloud read: 66.9s
      saved 0.64 MiB; preprocess 0.14s
  p70: t=335.002s  front=804.0m
      crop x=708.0..899.0  z=246.0..437.5  headroom=106.5m
      cloud read: 124.5s
      saved 0.64 MiB; preprocess 0.14s
  p90: t=375.002s  front=1105.0m
      crop x=1008.0..1199.0  z=372.0..563.5  headroom=108.3m
      cloud read: 52.9s
      saved 0.64 MiB; preprocess 0.14s
  CASE TIME: 7.4 min

========================================================================
CASE 115/117: u22/ramp25  [train]
========================================================================
  scouting progression...
    t=260.002s  front=302.0m  peak excess=1111.5K  (4.7s)
    t=275.002s  front=377.0m  peak excess=1036.2K  (4.7s)
    t=290.002s  front=437.0m  peak excess=886.4K  (4.8s)
    t=305.002s  front=526.0m  peak excess=892.3K  (4.8s)
    t=320.002s  front=630.0m  peak excess=827.4K  (4.9s)
    t=335.002s  front=763.0m  peak excess=832.2K  (4.7s)
    t=350.002s  front=927.0m  peak excess=840.0K  (4.5s)
    t=375.002s  front=1105.0m  peak excess=898.6K  (4.7s)
    t=400.002s  front=1105.0m  peak excess=894.7K  (4.6s)
  selected stages:
    10%: t=275.002s  front=377.0m
    30%: t=305.002s  front=526.0m
    50%: t=335.002s  front=763.0m
    70%: t=350.002s  front=927.0m
    90%: t=375.002s  front=1105.0m
  p10: t=275.002s  front=377.0m
      crop x=276.0..467.0  z=78.0..269.5  headroom=98.4m
      cloud read: 60.5s
      saved 0.64 MiB; preprocess 0.14s
  p30: t=305.002s  front=526.0m
      crop x=426.0..617.0  z=144.0..335.5  headroom=94.4m
      cloud read: 57.7s
      saved 0.64 MiB; preprocess 0.14s
  p50: t=335.002s  front=763.0m
      crop x=666.0..857.0  z=258.0..449.5  headroom=96.5m
      cloud read: 106.2s
      saved 0.64 MiB; preprocess 0.14s
  p70: t=350.002s  front=927.0m
      crop x=828.0..1019.0  z=336.0..527.5  headroom=99.0m
      cloud read: 48.3s
      saved 0.64 MiB; preprocess 0.14s
  p90: t=375.002s  front=1105.0m
      crop x=1008.0..1199.0  z=420.0..611.5  headroom=99.0m
      cloud read: 55.1s
      saved 0.64 MiB; preprocess 0.14s
  CASE TIME: 6.2 min

========================================================================
CASE 116/117: u22/ramp27.5  [train]
========================================================================
  scouting progression...
    t=260.002s  front=302.0m  peak excess=1177.1K  (4.7s)
    t=275.002s  front=398.0m  peak excess=1053.9K  (4.8s)
    t=290.002s  front=471.0m  peak excess=943.4K  (4.7s)
    t=305.002s  front=568.0m  peak excess=908.4K  (4.8s)
    t=320.002s  front=714.0m  peak excess=871.6K  (4.6s)
    t=335.002s  front=884.0m  peak excess=899.5K  (4.6s)
    t=350.002s  front=1103.0m  peak excess=895.8K  (5.0s)
    t=375.002s  front=1103.0m  peak excess=924.7K  (4.7s)
    t=400.002s  front=1106.0m  peak excess=890.7K  (4.9s)
  selected stages:
    10%: t=275.002s  front=398.0m
    30%: t=305.002s  front=568.0m
    50%: t=320.002s  front=714.0m
    70%: t=335.002s  front=884.0m
    90%: t=350.002s  front=1103.0m
  p10: t=275.002s  front=398.0m
      crop x=300.0..491.0  z=96.0..287.5  headroom=84.0m
      cloud read: 61.4s
      saved 0.64 MiB; preprocess 0.14s
  p30: t=305.002s  front=568.0m
      crop x=468.0..659.0  z=186.0..377.5  headroom=86.5m
      cloud read: 57.6s
      saved 0.64 MiB; preprocess 0.14s
  p50: t=320.002s  front=714.0m
      crop x=618.0..809.0  z=264.0..455.5  headroom=86.4m
      cloud read: 114.8s
      saved 0.64 MiB; preprocess 0.14s
  p70: t=335.002s  front=884.0m
      crop x=786.0..977.0  z=354.0..545.5  headroom=89.0m
      cloud read: 52.5s
      saved 0.64 MiB; preprocess 0.14s
  p90: t=350.002s  front=1103.0m
      crop x=1002.0..1193.0  z=462.0..653.5  headroom=84.5m
      cloud read: 46.1s
      saved 0.64 MiB; preprocess 0.14s
  CASE TIME: 6.3 min

========================================================================
CASE 117/117: u22/ramp30  [train]
========================================================================
  p10: t=275.002s  front=397.0m
      crop x=300.0..491.0  z=108.0..299.5  headroom=73.8m
      cloud read: 50.4s
      saved 0.64 MiB; preprocess 0.14s
  p30: t=305.002s  front=578.0m
      crop x=480.0..671.0  z=216.0..407.5  headroom=77.8m
      cloud read: 52.5s
      saved 0.64 MiB; preprocess 0.14s
  p50: t=320.002s  front=714.0m
      crop x=618.0..809.0  z=294.0..485.5  headroom=76.2m
      cloud read: 115.4s
      saved 0.64 MiB; preprocess 0.15s
  p70: t=335.002s  front=882.0m
      crop x=786.0..977.0  z=390.0..581.5  headroom=75.2m
      cloud read: 65.2s
      saved 0.64 MiB; preprocess 0.14s
  p90: t=350.002s  front=1102.0m
      crop x=1002.0..1193.0  z=516.0..707.5  headroom=76.5m
      cloud read: 66.1s
      saved 0.64 MiB; preprocess 0.16s
  CASE TIME: 5.9 min

========================================================================
RUN COMPLETE
========================================================================
Generated: 565
Skipped: 0
Failed cases: 4
Elapsed: 12.66 h
Output: /media/phantom/Volume/FireBench Data/windseer_6m_dataset
Cases selected: 4
Samples expected: 20

========================================================================
CASE 1/4: u6/ramp15  [train]
========================================================================
  scouting progression...
    t=260.002s  front=302.0m  peak excess=805.8K  (5.1s)
    t=275.002s  front=314.0m  peak excess=776.6K  (5.1s)
    t=290.002s  front=329.0m  peak excess=763.8K  (5.3s)
    t=305.002s  front=342.0m  peak excess=742.1K  (5.3s)
    t=320.002s  front=370.0m  peak excess=753.4K  (5.0s)
    t=335.002s  front=398.0m  peak excess=763.5K  (4.9s)
    t=350.002s  front=441.0m  peak excess=780.8K  (4.8s)
    t=375.002s  front=538.0m  peak excess=769.4K  (5.0s)
    t=400.002s  front=635.0m  peak excess=795.1K  (4.8s)
    t=450.002s  front=885.0m  peak excess=828.6K  (4.9s)
    t=500.002s  front=1128.0m  peak excess=827.2K  (4.7s)
    t=550.003s  front=1105.0m  peak excess=796.1K  (4.6s)
    t=600.003s  front=1106.0m  peak excess=712.1K  (4.7s)
    t=650.003s  front=321.0m  peak excess=687.3K  (5.2s)
    t=725.003s  front=322.0m  peak excess=650.4K  (5.0s)
    t=800.003s  front=322.0m  peak excess=742.7K  (4.9s)
  selected stages:
    10%: t=335.002s  front=398.0m
    30%: t=375.002s  front=538.0m
    50%: t=400.002s  front=635.0m
    70%: t=450.002s  front=885.0m
    90%: t=500.002s  front=1128.0m
  p10: t=335.002s  front=398.0m
      crop x=300.0..491.0  z=48.0..239.5  headroom=134.7m
      cloud read: 68.3s
      saved 0.64 MiB; preprocess 0.15s
  p30: t=375.002s  front=538.0m
      crop x=438.0..629.0  z=84.0..275.5  headroom=133.8m
      cloud read: 50.7s
      saved 0.64 MiB; preprocess 0.15s
  p50: t=400.002s  front=635.0m
      crop x=534.0..725.0  z=108.0..299.5  headroom=132.0m
      cloud read: 63.9s
      saved 0.64 MiB; preprocess 0.20s
  p70: t=450.002s  front=885.0m
      crop x=786.0..977.0  z=180.0..371.5  headroom=136.5m
      cloud read: 64.8s
      saved 0.64 MiB; preprocess 0.14s
  p90: t=500.002s  front=1128.0m
      crop x=1032.0..1223.0  z=246.0..437.5  headroom=136.6m
      cloud read: 69.0s
      saved 0.64 MiB; preprocess 0.15s
  CASE TIME: 6.7 min

========================================================================
CASE 2/4: u6/ramp30  [train]
========================================================================
  scouting progression...
    t=260.002s  front=302.0m  peak excess=807.8K  (5.1s)
    t=275.002s  front=325.0m  peak excess=764.6K  (5.1s)
    t=290.002s  front=346.0m  peak excess=757.9K  (5.1s)
    t=305.002s  front=365.0m  peak excess=743.2K  (5.1s)
    t=320.002s  front=410.0m  peak excess=749.9K  (5.1s)
    t=335.002s  front=481.0m  peak excess=773.2K  (5.0s)
    t=350.002s  front=559.0m  peak excess=783.9K  (4.9s)
    t=375.002s  front=682.0m  peak excess=814.3K  (5.0s)
    t=400.002s  front=811.0m  peak excess=822.1K  (4.9s)
    t=450.002s  front=1105.0m  peak excess=878.2K  (4.8s)
    t=500.002s  front=1104.0m  peak excess=785.6K  (5.1s)
    t=550.003s  front=1104.0m  peak excess=772.7K  (5.0s)
    t=600.003s  front=1103.0m  peak excess=714.8K  (4.7s)
    t=650.003s  front=337.0m  peak excess=805.5K  (4.9s)
    t=725.003s  front=1087.0m  peak excess=903.2K  (4.9s)
    t=800.003s  front=1039.0m  peak excess=943.9K  (4.9s)
  selected stages:
    10%: t=305.002s  front=365.0m
    30%: t=350.002s  front=559.0m
    50%: t=375.002s  front=682.0m
    70%: t=400.002s  front=811.0m
    90%: t=450.002s  front=1105.0m
  p10: t=305.002s  front=365.0m
      crop x=264.0..455.0  z=90.0..281.5  headroom=76.5m
      cloud read: 59.1s
      saved 0.64 MiB; preprocess 0.14s
  p30: t=350.002s  front=559.0m
      crop x=462.0..653.0  z=204.0..395.5  headroom=76.2m
      cloud read: 54.4s
      saved 0.64 MiB; preprocess 0.14s
  p50: t=375.002s  front=682.0m
      crop x=582.0..773.0  z=270.0..461.5  headroom=72.9m
      cloud read: 123.5s
      saved 0.64 MiB; preprocess 0.14s
  p70: t=400.002s  front=811.0m
      crop x=714.0..905.0  z=348.0..539.5  headroom=74.7m
      cloud read: 142.0s
      saved 0.64 MiB; preprocess 0.14s
  p90: t=450.002s  front=1105.0m
      crop x=1008.0..1199.0  z=516.0..707.5  headroom=73.0m
      cloud read: 61.0s
      saved 0.64 MiB; preprocess 0.14s
  CASE TIME: 8.7 min

========================================================================
CASE 3/4: u14/ramp15  [train]
========================================================================
  scouting progression...
    t=260.002s  front=302.0m  peak excess=950.5K  (5.2s)
    t=275.002s  front=342.0m  peak excess=912.5K  (5.4s)
    t=290.002s  front=370.0m  peak excess=848.2K  (5.1s)
    t=305.002s  front=398.0m  peak excess=840.1K  (5.7s)
    t=320.002s  front=469.0m  peak excess=830.6K  (5.2s)
    t=335.002s  front=551.0m  peak excess=835.6K  (4.9s)
    t=350.002s  front=622.0m  peak excess=820.5K  (4.9s)
    t=375.002s  front=760.0m  peak excess=822.8K  (4.9s)
    t=400.002s  front=913.0m  peak excess=811.0K  (4.9s)
    t=450.002s  front=1105.0m  peak excess=866.2K  (4.9s)
    t=500.002s  front=1106.0m  peak excess=742.5K  (5.1s)
    t=550.003s  front=1108.0m  peak excess=953.2K  (5.0s)
    t=600.003s  front=1105.0m  peak excess=1082.0K  (4.8s)
    t=650.003s  front=335.0m  peak excess=1045.1K  (4.7s)
    t=725.003s  front=335.0m  peak excess=1025.4K  (4.7s)
    t=800.003s  front=1092.0m  peak excess=946.9K  (4.8s)
  selected stages:
    10%: t=290.002s  front=370.0m
    30%: t=335.002s  front=551.0m
    50%: t=375.002s  front=760.0m
    70%: t=400.002s  front=913.0m
    90%: t=450.002s  front=1105.0m
  p10: t=290.002s  front=370.0m
      crop x=270.0..461.0  z=42.0..233.5  headroom=136.8m
      cloud read: 51.1s
      saved 0.64 MiB; preprocess 0.14s
  p30: t=335.002s  front=551.0m
      crop x=450.0..641.0  z=90.0..281.5  headroom=136.5m
      cloud read: 56.8s
      saved 0.64 MiB; preprocess 0.14s
  p50: t=375.002s  front=760.0m
      crop x=660.0..851.0  z=144.0..335.5  headroom=134.3m
      cloud read: 101.8s
      saved 0.64 MiB; preprocess 0.14s
  p70: t=400.002s  front=913.0m
      crop x=816.0..1007.0  z=186.0..377.5  headroom=134.5m
      cloud read: 59.6s
      saved 0.64 MiB; preprocess 0.14s
  p90: t=450.002s  front=1105.0m
      crop x=1008.0..1199.0  z=240.0..431.5  headroom=137.0m
      cloud read: 63.5s
      saved 0.64 MiB; preprocess 0.14s
  CASE TIME: 7.0 min

========================================================================
CASE 4/4: u22/ramp0  [train]
========================================================================
  scouting progression...
    t=260.002s  front=302.0m  peak excess=857.1K  (5.1s)
    t=275.002s  front=324.0m  peak excess=840.8K  (5.1s)
    t=290.002s  front=347.0m  peak excess=814.7K  (5.1s)
    t=305.002s  front=372.0m  peak excess=775.0K  (5.0s)
    t=320.002s  front=407.0m  peak excess=720.5K  (5.0s)
    t=335.002s  front=457.0m  peak excess=718.1K  (4.8s)
    t=350.002s  front=485.0m  peak excess=715.2K  (4.8s)
    t=375.002s  front=587.0m  peak excess=720.1K  (4.8s)
    t=400.002s  front=696.0m  peak excess=705.1K  (4.9s)
    t=450.002s  front=959.0m  peak excess=698.9K  (4.8s)
    t=500.002s  front=1198.0m  peak excess=695.7K  (5.0s)
    t=550.003s  front=313.0m  peak excess=697.4K  (4.8s)
    t=600.003s  front=326.0m  peak excess=1012.8K  (5.0s)
    t=650.003s  front=323.0m  peak excess=1191.0K  (6.2s)
    t=725.003s  front=317.0m  peak excess=1280.8K  (5.9s)
    t=800.003s  front=1299.0m  peak excess=1294.0K  (6.5s)
  selected stages:
    10%: t=320.002s  front=407.0m
    30%: t=375.002s  front=587.0m
    50%: t=400.002s  front=696.0m
    70%: t=450.002s  front=959.0m
    90%: t=500.002s  front=1198.0m
  p10: t=320.002s  front=407.0m
      crop x=306.0..497.0  z=0.0..191.5  headroom=191.5m
      cloud read: 64.7s
      saved 0.64 MiB; preprocess 0.14s
  p30: t=375.002s  front=587.0m
      crop x=486.0..677.0  z=0.0..191.5  headroom=191.5m
      cloud read: 64.1s
      saved 0.64 MiB; preprocess 0.14s
  p50: t=400.002s  front=696.0m
      crop x=600.0..791.0  z=0.0..191.5  headroom=191.5m
      cloud read: 124.7s
      saved 0.64 MiB; preprocess 0.14s
  p70: t=450.002s  front=959.0m
      crop x=858.0..1049.0  z=0.0..191.5  headroom=191.5m
      cloud read: 61.3s
      saved 0.64 MiB; preprocess 0.14s
  p90: t=500.002s  front=1198.0m
      crop x=1098.0..1289.0  z=0.0..191.5  headroom=191.5m
      cloud read: 60.5s
      saved 0.64 MiB; preprocess 0.14s
  CASE TIME: 7.7 min

========================================================================
RUN COMPLETE
========================================================================
Generated: 20
Skipped: 0
Failed cases: 0
Elapsed: 0.50 h
Output: /media/phantom/Volume/FireBench Data/windseer_6m_dataset
